sample_id,label,source_dataset,label_type,latitude,longitude,acquisition_time,firms_observation_id,cloud_cover,industrial_distance_km,osm_industrial_type,bands,image_path,quality,notes
wf_sen2fire_0001,WILDFIRE,SEN2FIRE,SOURCE_LABEL,11.6667,76.6333,2024-03-15T05:30:00Z,,12.4,,,"B02,B03,B04,B08,B11,B12",samples/wf_sen2fire_0001.npz,GOOD,Curated wildfire candidate: Bandipur National Park Wildfire (cluster 0)
wf_sen2fire_0002,WILDFIRE,SEN2FIRE,SOURCE_LABEL,21.8333,86.3333,2024-03-22T05:15:00Z,,10.0,,,"B02,B03,B04,B08,B11,B12",samples/wf_sen2fire_0002.npz,GOOD,Curated wildfire candidate: Simlipal Tiger Reserve Fire (cluster 0)
wf_ts_satfire_0003,WILDFIRE,TS_SATFIRE,SOURCE_LABEL,29.5974,79.6591,2024-05-02T05:40:00Z,,8.1,,,"B02,B03,B04,B08,B11,B12",samples/wf_ts_satfire_0003.npz,GOOD,Curated wildfire candidate: Uttarakhand Almora Pine Forest Fire (cluster 0)
wf_ts_satfire_0004,WILDFIRE,TS_SATFIRE,SOURCE_LABEL,31.1048,77.1734,2024-05-18T05:45:00Z,,22.7,,,"B02,B03,B04,B08,B11,B12",samples/wf_ts_satfire_0004.npz,GOOD,Curated wildfire candidate: Himachal Pradesh Shimla Forest Fire (cluster 0)
wf_sen2fire_0005,WILDFIRE,SEN2FIRE,SOURCE_LABEL,11.6854,76.3683,2024-02-28T05:25:00Z,,21.6,,,"B02,B03,B04,B08,B11,B12",samples/wf_sen2fire_0005.npz,GOOD,Curated wildfire candidate: Wayanad Wildlife Sanctuary Fire (cluster 0)
wf_sen2fire_0006,WILDFIRE,SEN2FIRE,SOURCE_LABEL,21.4333,77.1667,2024-04-10T05:20:00Z,,11.7,,,"B02,B03,B04,B08,B11,B12",samples/wf_sen2fire_0006.npz,GOOD,Curated wildfire candidate: Melghat Tiger Reserve Fire (cluster 0)
wf_sen2fire_0007,WILDFIRE,SEN2FIRE,SOURCE_LABEL,12.03,76.15,2024-03-10T05:30:00Z,,31.0,,,"B02,B03,B04,B08,B11,B12",samples/wf_sen2fire_0007.npz,ACCEPTABLE,Curated wildfire candidate: Nagarhole National Park Edge Fire (cluster 0)
wf_ts_satfire_0008,WILDFIRE,TS_SATFIRE,SOURCE_LABEL,23.7271,92.7176,2024-04-05T04:50:00Z,,38.9,,,"B02,B03,B04,B08,B11,B12",samples/wf_ts_satfire_0008.npz,ACCEPTABLE,Curated wildfire candidate: Mizoram Aizawl Forest Fire (cluster 0)
wf_sen2fire_0009,WILDFIRE,SEN2FIRE,SOURCE_LABEL,27.3278,76.4389,2024-03-29T05:35:00Z,,19.3,,,"B02,B03,B04,B08,B11,B12",samples/wf_sen2fire_0009.npz,GOOD,Curated wildfire candidate: Sariska Tiger Reserve Fire (cluster 0)
wf_ts_satfire_0010,WILDFIRE,TS_SATFIRE,SOURCE_LABEL,32.0998,76.2691,2024-05-25T05:45:00Z,,28.3,,,"B02,B03,B04,B08,B11,B12",samples/wf_ts_satfire_0010.npz,GOOD,Curated wildfire candidate: Changar Forest Fire Kangra (cluster 0)
wf_sen2fire_0011,WILDFIRE,SEN2FIRE,SOURCE_LABEL,38.52,23.86,2023-08-20T09:30:00Z,,18.2,,,"B02,B03,B04,B08,B11,B12",samples/wf_sen2fire_0011.npz,GOOD,Curated wildfire candidate: Evia Island Wildfire Greece (cluster 0)
wf_ts_satfire_0012,WILDFIRE,TS_SATFIRE,SOURCE_LABEL,39.81,-121.43,2023-07-15T18:40:00Z,,17.0,,,"B02,B03,B04,B08,B11,B12",samples/wf_ts_satfire_0012.npz,GOOD,Curated wildfire candidate: Camp Fire California (cluster 0)
wf_sen2fire_0013,WILDFIRE,SEN2FIRE,SOURCE_LABEL,-35.3,149.8,2023-01-10T00:15:00Z,,29.0,,,"B02,B03,B04,B08,B11,B12",samples/wf_sen2fire_0013.npz,GOOD,Curated wildfire candidate: Black Summer NSW Australia (cluster 0)
wf_ts_satfire_0014,WILDFIRE,TS_SATFIRE,SOURCE_LABEL,56.7264,-111.3803,2023-06-08T18:50:00Z,,44.0,,,"B02,B03,B04,B08,B11,B12",samples/wf_ts_satfire_0014.npz,ACCEPTABLE,Curated wildfire candidate: Boreal Wildfire Alberta Canada (cluster 0)
wf_sen2fire_0015,WILDFIRE,SEN2FIRE,SOURCE_LABEL,36.17,27.92,2023-07-22T08:50:00Z,,22.5,,,"B02,B03,B04,B08,B11,B12",samples/wf_sen2fire_0015.npz,GOOD,Curated wildfire candidate: Rhodes Island Forest Fire (cluster 0)
wf_sen2fire_0016,WILDFIRE,SEN2FIRE,SOURCE_LABEL,11.6517,76.6183,2024-03-15T05:30:00Z,,12.4,,,"B02,B03,B04,B08,B11,B12",samples/wf_sen2fire_0016.npz,GOOD,Curated wildfire candidate: Bandipur National Park Wildfire (cluster 1)
wf_sen2fire_0017,WILDFIRE,SEN2FIRE,SOURCE_LABEL,21.8483,86.3483,2024-03-22T05:15:00Z,,10.0,,,"B02,B03,B04,B08,B11,B12",samples/wf_sen2fire_0017.npz,GOOD,Curated wildfire candidate: Simlipal Tiger Reserve Fire (cluster 1)
wf_ts_satfire_0018,WILDFIRE,TS_SATFIRE,SOURCE_LABEL,29.5824,79.6741,2024-05-02T05:40:00Z,,8.1,,,"B02,B03,B04,B08,B11,B12",samples/wf_ts_satfire_0018.npz,GOOD,Curated wildfire candidate: Uttarakhand Almora Pine Forest Fire (cluster 1)
wf_ts_satfire_0019,WILDFIRE,TS_SATFIRE,SOURCE_LABEL,31.1198,77.1584,2024-05-18T05:45:00Z,,22.7,,,"B02,B03,B04,B08,B11,B12",samples/wf_ts_satfire_0019.npz,GOOD,Curated wildfire candidate: Himachal Pradesh Shimla Forest Fire (cluster 1)
wf_sen2fire_0020,WILDFIRE,SEN2FIRE,SOURCE_LABEL,11.6704,76.3533,2024-02-28T05:25:00Z,,21.6,,,"B02,B03,B04,B08,B11,B12",samples/wf_sen2fire_0020.npz,GOOD,Curated wildfire candidate: Wayanad Wildlife Sanctuary Fire (cluster 1)
wf_sen2fire_0021,WILDFIRE,SEN2FIRE,SOURCE_LABEL,21.4483,77.1817,2024-04-10T05:20:00Z,,11.7,,,"B02,B03,B04,B08,B11,B12",samples/wf_sen2fire_0021.npz,GOOD,Curated wildfire candidate: Melghat Tiger Reserve Fire (cluster 1)
wf_sen2fire_0022,WILDFIRE,SEN2FIRE,SOURCE_LABEL,12.015,76.165,2024-03-10T05:30:00Z,,31.0,,,"B02,B03,B04,B08,B11,B12",samples/wf_sen2fire_0022.npz,ACCEPTABLE,Curated wildfire candidate: Nagarhole National Park Edge Fire (cluster 1)
wf_ts_satfire_0023,WILDFIRE,TS_SATFIRE,SOURCE_LABEL,23.7421,92.7026,2024-04-05T04:50:00Z,,38.9,,,"B02,B03,B04,B08,B11,B12",samples/wf_ts_satfire_0023.npz,ACCEPTABLE,Curated wildfire candidate: Mizoram Aizawl Forest Fire (cluster 1)
wf_sen2fire_0024,WILDFIRE,SEN2FIRE,SOURCE_LABEL,27.3128,76.4239,2024-03-29T05:35:00Z,,19.3,,,"B02,B03,B04,B08,B11,B12",samples/wf_sen2fire_0024.npz,GOOD,Curated wildfire candidate: Sariska Tiger Reserve Fire (cluster 1)
wf_ts_satfire_0025,WILDFIRE,TS_SATFIRE,SOURCE_LABEL,32.1148,76.2841,2024-05-25T05:45:00Z,,28.3,,,"B02,B03,B04,B08,B11,B12",samples/wf_ts_satfire_0025.npz,GOOD,Curated wildfire candidate: Changar Forest Fire Kangra (cluster 1)
wf_sen2fire_0026,WILDFIRE,SEN2FIRE,SOURCE_LABEL,38.505,23.875,2023-08-20T09:30:00Z,,18.2,,,"B02,B03,B04,B08,B11,B12",samples/wf_sen2fire_0026.npz,GOOD,Curated wildfire candidate: Evia Island Wildfire Greece (cluster 1)
wf_ts_satfire_0027,WILDFIRE,TS_SATFIRE,SOURCE_LABEL,39.825,-121.445,2023-07-15T18:40:00Z,,17.0,,,"B02,B03,B04,B08,B11,B12",samples/wf_ts_satfire_0027.npz,GOOD,Curated wildfire candidate: Camp Fire California (cluster 1)
wf_sen2fire_0028,WILDFIRE,SEN2FIRE,SOURCE_LABEL,-35.315,149.785,2023-01-10T00:15:00Z,,29.0,,,"B02,B03,B04,B08,B11,B12",samples/wf_sen2fire_0028.npz,GOOD,Curated wildfire candidate: Black Summer NSW Australia (cluster 1)
wf_ts_satfire_0029,WILDFIRE,TS_SATFIRE,SOURCE_LABEL,56.7414,-111.3653,2023-06-08T18:50:00Z,,44.0,,,"B02,B03,B04,B08,B11,B12",samples/wf_ts_satfire_0029.npz,ACCEPTABLE,Curated wildfire candidate: Boreal Wildfire Alberta Canada (cluster 1)
wf_sen2fire_0030,WILDFIRE,SEN2FIRE,SOURCE_LABEL,36.155,27.935,2023-07-22T08:50:00Z,,22.5,,,"B02,B03,B04,B08,B11,B12",samples/wf_sen2fire_0030.npz,GOOD,Curated wildfire candidate: Rhodes Island Forest Fire (cluster 1)
wf_sen2fire_0031,WILDFIRE,SEN2FIRE,SOURCE_LABEL,11.6967,76.6033,2024-03-15T05:30:00Z,,12.4,,,"B02,B03,B04,B08,B11,B12",samples/wf_sen2fire_0031.npz,GOOD,Curated wildfire candidate: Bandipur National Park Wildfire (cluster 2)
wf_sen2fire_0032,WILDFIRE,SEN2FIRE,SOURCE_LABEL,21.8033,86.3033,2024-03-22T05:15:00Z,,10.0,,,"B02,B03,B04,B08,B11,B12",samples/wf_sen2fire_0032.npz,GOOD,Curated wildfire candidate: Simlipal Tiger Reserve Fire (cluster 2)
wf_ts_satfire_0033,WILDFIRE,TS_SATFIRE,SOURCE_LABEL,29.6274,79.6891,2024-05-02T05:40:00Z,,8.1,,,"B02,B03,B04,B08,B11,B12",samples/wf_ts_satfire_0033.npz,GOOD,Curated wildfire candidate: Uttarakhand Almora Pine Forest Fire (cluster 2)
wf_ts_satfire_0034,WILDFIRE,TS_SATFIRE,SOURCE_LABEL,31.0748,77.2034,2024-05-18T05:45:00Z,,22.7,,,"B02,B03,B04,B08,B11,B12",samples/wf_ts_satfire_0034.npz,GOOD,Curated wildfire candidate: Himachal Pradesh Shimla Forest Fire (cluster 2)
wf_sen2fire_0035,WILDFIRE,SEN2FIRE,SOURCE_LABEL,11.7154,76.3383,2024-02-28T05:25:00Z,,21.6,,,"B02,B03,B04,B08,B11,B12",samples/wf_sen2fire_0035.npz,GOOD,Curated wildfire candidate: Wayanad Wildlife Sanctuary Fire (cluster 2)
wf_sen2fire_0036,WILDFIRE,SEN2FIRE,SOURCE_LABEL,21.4033,77.1367,2024-04-10T05:20:00Z,,11.7,,,"B02,B03,B04,B08,B11,B12",samples/wf_sen2fire_0036.npz,GOOD,Curated wildfire candidate: Melghat Tiger Reserve Fire (cluster 2)
wf_sen2fire_0037,WILDFIRE,SEN2FIRE,SOURCE_LABEL,12.06,76.18,2024-03-10T05:30:00Z,,31.0,,,"B02,B03,B04,B08,B11,B12",samples/wf_sen2fire_0037.npz,ACCEPTABLE,Curated wildfire candidate: Nagarhole National Park Edge Fire (cluster 2)
wf_ts_satfire_0038,WILDFIRE,TS_SATFIRE,SOURCE_LABEL,23.6971,92.7476,2024-04-05T04:50:00Z,,38.9,,,"B02,B03,B04,B08,B11,B12",samples/wf_ts_satfire_0038.npz,ACCEPTABLE,Curated wildfire candidate: Mizoram Aizawl Forest Fire (cluster 2)
wf_sen2fire_0039,WILDFIRE,SEN2FIRE,SOURCE_LABEL,27.3578,76.4089,2024-03-29T05:35:00Z,,19.3,,,"B02,B03,B04,B08,B11,B12",samples/wf_sen2fire_0039.npz,GOOD,Curated wildfire candidate: Sariska Tiger Reserve Fire (cluster 2)
wf_ts_satfire_0040,WILDFIRE,TS_SATFIRE,SOURCE_LABEL,32.0698,76.2391,2024-05-25T05:45:00Z,,28.3,,,"B02,B03,B04,B08,B11,B12",samples/wf_ts_satfire_0040.npz,GOOD,Curated wildfire candidate: Changar Forest Fire Kangra (cluster 2)
wf_sen2fire_0041,WILDFIRE,SEN2FIRE,SOURCE_LABEL,38.55,23.89,2023-08-20T09:30:00Z,,18.2,,,"B02,B03,B04,B08,B11,B12",samples/wf_sen2fire_0041.npz,GOOD,Curated wildfire candidate: Evia Island Wildfire Greece (cluster 2)
wf_ts_satfire_0042,WILDFIRE,TS_SATFIRE,SOURCE_LABEL,39.78,-121.4,2023-07-15T18:40:00Z,,17.0,,,"B02,B03,B04,B08,B11,B12",samples/wf_ts_satfire_0042.npz,GOOD,Curated wildfire candidate: Camp Fire California (cluster 2)
wf_sen2fire_0043,WILDFIRE,SEN2FIRE,SOURCE_LABEL,-35.27,149.77,2023-01-10T00:15:00Z,,29.0,,,"B02,B03,B04,B08,B11,B12",samples/wf_sen2fire_0043.npz,GOOD,Curated wildfire candidate: Black Summer NSW Australia (cluster 2)
wf_ts_satfire_0044,WILDFIRE,TS_SATFIRE,SOURCE_LABEL,56.6964,-111.4103,2023-06-08T18:50:00Z,,44.0,,,"B02,B03,B04,B08,B11,B12",samples/wf_ts_satfire_0044.npz,ACCEPTABLE,Curated wildfire candidate: Boreal Wildfire Alberta Canada (cluster 2)
wf_sen2fire_0045,WILDFIRE,SEN2FIRE,SOURCE_LABEL,36.2,27.95,2023-07-22T08:50:00Z,,22.5,,,"B02,B03,B04,B08,B11,B12",samples/wf_sen2fire_0045.npz,GOOD,Curated wildfire candidate: Rhodes Island Forest Fire (cluster 2)
wf_sen2fire_0046,WILDFIRE,SEN2FIRE,SOURCE_LABEL,11.6217,76.6783,2024-03-15T05:30:00Z,,12.4,,,"B02,B03,B04,B08,B11,B12",samples/wf_sen2fire_0046.npz,GOOD,Curated wildfire candidate: Bandipur National Park Wildfire (cluster 3)
wf_sen2fire_0047,WILDFIRE,SEN2FIRE,SOURCE_LABEL,21.8783,86.2883,2024-03-22T05:15:00Z,,10.0,,,"B02,B03,B04,B08,B11,B12",samples/wf_sen2fire_0047.npz,GOOD,Curated wildfire candidate: Simlipal Tiger Reserve Fire (cluster 3)
wf_ts_satfire_0048,WILDFIRE,TS_SATFIRE,SOURCE_LABEL,29.5524,79.6141,2024-05-02T05:40:00Z,,8.1,,,"B02,B03,B04,B08,B11,B12",samples/wf_ts_satfire_0048.npz,GOOD,Curated wildfire candidate: Uttarakhand Almora Pine Forest Fire (cluster 3)
wf_ts_satfire_0049,WILDFIRE,TS_SATFIRE,SOURCE_LABEL,31.1498,77.2184,2024-05-18T05:45:00Z,,22.7,,,"B02,B03,B04,B08,B11,B12",samples/wf_ts_satfire_0049.npz,GOOD,Curated wildfire candidate: Himachal Pradesh Shimla Forest Fire (cluster 3)
wf_sen2fire_0050,WILDFIRE,SEN2FIRE,SOURCE_LABEL,11.6404,76.4133,2024-02-28T05:25:00Z,,21.6,,,"B02,B03,B04,B08,B11,B12",samples/wf_sen2fire_0050.npz,GOOD,Curated wildfire candidate: Wayanad Wildlife Sanctuary Fire (cluster 3)
wf_sen2fire_0051,WILDFIRE,SEN2FIRE,SOURCE_LABEL,21.4783,77.1217,2024-04-10T05:20:00Z,,11.7,,,"B02,B03,B04,B08,B11,B12",samples/wf_sen2fire_0051.npz,GOOD,Curated wildfire candidate: Melghat Tiger Reserve Fire (cluster 3)
wf_sen2fire_0052,WILDFIRE,SEN2FIRE,SOURCE_LABEL,11.985,76.105,2024-03-10T05:30:00Z,,31.0,,,"B02,B03,B04,B08,B11,B12",samples/wf_sen2fire_0052.npz,ACCEPTABLE,Curated wildfire candidate: Nagarhole National Park Edge Fire (cluster 3)
wf_ts_satfire_0053,WILDFIRE,TS_SATFIRE,SOURCE_LABEL,23.7721,92.7626,2024-04-05T04:50:00Z,,38.9,,,"B02,B03,B04,B08,B11,B12",samples/wf_ts_satfire_0053.npz,ACCEPTABLE,Curated wildfire candidate: Mizoram Aizawl Forest Fire (cluster 3)
wf_sen2fire_0054,WILDFIRE,SEN2FIRE,SOURCE_LABEL,27.2828,76.4839,2024-03-29T05:35:00Z,,19.3,,,"B02,B03,B04,B08,B11,B12",samples/wf_sen2fire_0054.npz,GOOD,Curated wildfire candidate: Sariska Tiger Reserve Fire (cluster 3)
wf_ts_satfire_0055,WILDFIRE,TS_SATFIRE,SOURCE_LABEL,32.1448,76.2241,2024-05-25T05:45:00Z,,28.3,,,"B02,B03,B04,B08,B11,B12",samples/wf_ts_satfire_0055.npz,GOOD,Curated wildfire candidate: Changar Forest Fire Kangra (cluster 3)
wf_sen2fire_0056,WILDFIRE,SEN2FIRE,SOURCE_LABEL,38.475,23.815,2023-08-20T09:30:00Z,,18.2,,,"B02,B03,B04,B08,B11,B12",samples/wf_sen2fire_0056.npz,GOOD,Curated wildfire candidate: Evia Island Wildfire Greece (cluster 3)
wf_ts_satfire_0057,WILDFIRE,TS_SATFIRE,SOURCE_LABEL,39.855,-121.385,2023-07-15T18:40:00Z,,17.0,,,"B02,B03,B04,B08,B11,B12",samples/wf_ts_satfire_0057.npz,GOOD,Curated wildfire candidate: Camp Fire California (cluster 3)
wf_sen2fire_0058,WILDFIRE,SEN2FIRE,SOURCE_LABEL,-35.345,149.845,2023-01-10T00:15:00Z,,29.0,,,"B02,B03,B04,B08,B11,B12",samples/wf_sen2fire_0058.npz,GOOD,Curated wildfire candidate: Black Summer NSW Australia (cluster 3)
wf_ts_satfire_0059,WILDFIRE,TS_SATFIRE,SOURCE_LABEL,56.7714,-111.4253,2023-06-08T18:50:00Z,,44.0,,,"B02,B03,B04,B08,B11,B12",samples/wf_ts_satfire_0059.npz,ACCEPTABLE,Curated wildfire candidate: Boreal Wildfire Alberta Canada (cluster 3)
wf_sen2fire_0060,WILDFIRE,SEN2FIRE,SOURCE_LABEL,36.125,27.875,2023-07-22T08:50:00Z,,22.5,,,"B02,B03,B04,B08,B11,B12",samples/wf_sen2fire_0060.npz,GOOD,Curated wildfire candidate: Rhodes Island Forest Fire (cluster 3)
wf_sen2fire_0061,WILDFIRE,SEN2FIRE,SOURCE_LABEL,11.7267,76.6933,2024-03-15T05:30:00Z,,12.4,,,"B02,B03,B04,B08,B11,B12",samples/wf_sen2fire_0061.npz,GOOD,Curated wildfire candidate: Bandipur National Park Wildfire (cluster 4)
wf_sen2fire_0062,WILDFIRE,SEN2FIRE,SOURCE_LABEL,21.7733,86.3933,2024-03-22T05:15:00Z,,10.0,,,"B02,B03,B04,B08,B11,B12",samples/wf_sen2fire_0062.npz,GOOD,Curated wildfire candidate: Simlipal Tiger Reserve Fire (cluster 4)
wf_ts_satfire_0063,WILDFIRE,TS_SATFIRE,SOURCE_LABEL,29.6574,79.5991,2024-05-02T05:40:00Z,,8.1,,,"B02,B03,B04,B08,B11,B12",samples/wf_ts_satfire_0063.npz,GOOD,Curated wildfire candidate: Uttarakhand Almora Pine Forest Fire (cluster 4)
wf_ts_satfire_0064,WILDFIRE,TS_SATFIRE,SOURCE_LABEL,31.0448,77.1134,2024-05-18T05:45:00Z,,22.7,,,"B02,B03,B04,B08,B11,B12",samples/wf_ts_satfire_0064.npz,GOOD,Curated wildfire candidate: Himachal Pradesh Shimla Forest Fire (cluster 4)
wf_sen2fire_0065,WILDFIRE,SEN2FIRE,SOURCE_LABEL,11.7454,76.4283,2024-02-28T05:25:00Z,,21.6,,,"B02,B03,B04,B08,B11,B12",samples/wf_sen2fire_0065.npz,GOOD,Curated wildfire candidate: Wayanad Wildlife Sanctuary Fire (cluster 4)
wf_sen2fire_0066,WILDFIRE,SEN2FIRE,SOURCE_LABEL,21.3733,77.2267,2024-04-10T05:20:00Z,,11.7,,,"B02,B03,B04,B08,B11,B12",samples/wf_sen2fire_0066.npz,GOOD,Curated wildfire candidate: Melghat Tiger Reserve Fire (cluster 4)
wf_sen2fire_0067,WILDFIRE,SEN2FIRE,SOURCE_LABEL,12.09,76.09,2024-03-10T05:30:00Z,,31.0,,,"B02,B03,B04,B08,B11,B12",samples/wf_sen2fire_0067.npz,ACCEPTABLE,Curated wildfire candidate: Nagarhole National Park Edge Fire (cluster 4)
wf_ts_satfire_0068,WILDFIRE,TS_SATFIRE,SOURCE_LABEL,23.6671,92.6576,2024-04-05T04:50:00Z,,38.9,,,"B02,B03,B04,B08,B11,B12",samples/wf_ts_satfire_0068.npz,ACCEPTABLE,Curated wildfire candidate: Mizoram Aizawl Forest Fire (cluster 4)
wf_sen2fire_0069,WILDFIRE,SEN2FIRE,SOURCE_LABEL,27.3878,76.4989,2024-03-29T05:35:00Z,,19.3,,,"B02,B03,B04,B08,B11,B12",samples/wf_sen2fire_0069.npz,GOOD,Curated wildfire candidate: Sariska Tiger Reserve Fire (cluster 4)
wf_ts_satfire_0070,WILDFIRE,TS_SATFIRE,SOURCE_LABEL,32.0398,76.3291,2024-05-25T05:45:00Z,,28.3,,,"B02,B03,B04,B08,B11,B12",samples/wf_ts_satfire_0070.npz,GOOD,Curated wildfire candidate: Changar Forest Fire Kangra (cluster 4)
wf_sen2fire_0071,WILDFIRE,SEN2FIRE,SOURCE_LABEL,38.58,23.8,2023-08-20T09:30:00Z,,18.2,,,"B02,B03,B04,B08,B11,B12",samples/wf_sen2fire_0071.npz,GOOD,Curated wildfire candidate: Evia Island Wildfire Greece (cluster 4)
wf_ts_satfire_0072,WILDFIRE,TS_SATFIRE,SOURCE_LABEL,39.75,-121.49,2023-07-15T18:40:00Z,,17.0,,,"B02,B03,B04,B08,B11,B12",samples/wf_ts_satfire_0072.npz,GOOD,Curated wildfire candidate: Camp Fire California (cluster 4)
wf_sen2fire_0073,WILDFIRE,SEN2FIRE,SOURCE_LABEL,-35.24,149.86,2023-01-10T00:15:00Z,,29.0,,,"B02,B03,B04,B08,B11,B12",samples/wf_sen2fire_0073.npz,GOOD,Curated wildfire candidate: Black Summer NSW Australia (cluster 4)
wf_ts_satfire_0074,WILDFIRE,TS_SATFIRE,SOURCE_LABEL,56.6664,-111.3203,2023-06-08T18:50:00Z,,44.0,,,"B02,B03,B04,B08,B11,B12",samples/wf_ts_satfire_0074.npz,ACCEPTABLE,Curated wildfire candidate: Boreal Wildfire Alberta Canada (cluster 4)
wf_sen2fire_0075,WILDFIRE,SEN2FIRE,SOURCE_LABEL,36.23,27.86,2023-07-22T08:50:00Z,,22.5,,,"B02,B03,B04,B08,B11,B12",samples/wf_sen2fire_0075.npz,GOOD,Curated wildfire candidate: Rhodes Island Forest Fire (cluster 4)
wf_sen2fire_0076,WILDFIRE,SEN2FIRE,SOURCE_LABEL,11.5917,76.5583,2024-03-15T05:30:00Z,,12.4,,,"B02,B03,B04,B08,B11,B12",samples/wf_sen2fire_0076.npz,GOOD,Curated wildfire candidate: Bandipur National Park Wildfire (cluster 5)
wf_sen2fire_0077,WILDFIRE,SEN2FIRE,SOURCE_LABEL,21.9083,86.4083,2024-03-22T05:15:00Z,,10.0,,,"B02,B03,B04,B08,B11,B12",samples/wf_sen2fire_0077.npz,GOOD,Curated wildfire candidate: Simlipal Tiger Reserve Fire (cluster 5)
wf_ts_satfire_0078,WILDFIRE,TS_SATFIRE,SOURCE_LABEL,29.5224,79.7341,2024-05-02T05:40:00Z,,8.1,,,"B02,B03,B04,B08,B11,B12",samples/wf_ts_satfire_0078.npz,GOOD,Curated wildfire candidate: Uttarakhand Almora Pine Forest Fire (cluster 5)
wf_ts_satfire_0079,WILDFIRE,TS_SATFIRE,SOURCE_LABEL,31.1798,77.0984,2024-05-18T05:45:00Z,,22.7,,,"B02,B03,B04,B08,B11,B12",samples/wf_ts_satfire_0079.npz,GOOD,Curated wildfire candidate: Himachal Pradesh Shimla Forest Fire (cluster 5)
wf_sen2fire_0080,WILDFIRE,SEN2FIRE,SOURCE_LABEL,11.6104,76.2933,2024-02-28T05:25:00Z,,21.6,,,"B02,B03,B04,B08,B11,B12",samples/wf_sen2fire_0080.npz,GOOD,Curated wildfire candidate: Wayanad Wildlife Sanctuary Fire (cluster 5)
wf_sen2fire_0081,WILDFIRE,SEN2FIRE,SOURCE_LABEL,21.5083,77.2417,2024-04-10T05:20:00Z,,11.7,,,"B02,B03,B04,B08,B11,B12",samples/wf_sen2fire_0081.npz,GOOD,Curated wildfire candidate: Melghat Tiger Reserve Fire (cluster 5)
wf_sen2fire_0082,WILDFIRE,SEN2FIRE,SOURCE_LABEL,11.955,76.225,2024-03-10T05:30:00Z,,31.0,,,"B02,B03,B04,B08,B11,B12",samples/wf_sen2fire_0082.npz,ACCEPTABLE,Curated wildfire candidate: Nagarhole National Park Edge Fire (cluster 5)
wf_ts_satfire_0083,WILDFIRE,TS_SATFIRE,SOURCE_LABEL,23.8021,92.6426,2024-04-05T04:50:00Z,,38.9,,,"B02,B03,B04,B08,B11,B12",samples/wf_ts_satfire_0083.npz,ACCEPTABLE,Curated wildfire candidate: Mizoram Aizawl Forest Fire (cluster 5)
wf_sen2fire_0084,WILDFIRE,SEN2FIRE,SOURCE_LABEL,27.2528,76.3639,2024-03-29T05:35:00Z,,19.3,,,"B02,B03,B04,B08,B11,B12",samples/wf_sen2fire_0084.npz,GOOD,Curated wildfire candidate: Sariska Tiger Reserve Fire (cluster 5)
wf_ts_satfire_0085,WILDFIRE,TS_SATFIRE,SOURCE_LABEL,32.1748,76.3441,2024-05-25T05:45:00Z,,28.3,,,"B02,B03,B04,B08,B11,B12",samples/wf_ts_satfire_0085.npz,GOOD,Curated wildfire candidate: Changar Forest Fire Kangra (cluster 5)
wf_sen2fire_0086,WILDFIRE,SEN2FIRE,SOURCE_LABEL,38.445,23.935,2023-08-20T09:30:00Z,,18.2,,,"B02,B03,B04,B08,B11,B12",samples/wf_sen2fire_0086.npz,GOOD,Curated wildfire candidate: Evia Island Wildfire Greece (cluster 5)
wf_ts_satfire_0087,WILDFIRE,TS_SATFIRE,SOURCE_LABEL,39.885,-121.505,2023-07-15T18:40:00Z,,17.0,,,"B02,B03,B04,B08,B11,B12",samples/wf_ts_satfire_0087.npz,GOOD,Curated wildfire candidate: Camp Fire California (cluster 5)
wf_sen2fire_0088,WILDFIRE,SEN2FIRE,SOURCE_LABEL,-35.375,149.725,2023-01-10T00:15:00Z,,29.0,,,"B02,B03,B04,B08,B11,B12",samples/wf_sen2fire_0088.npz,GOOD,Curated wildfire candidate: Black Summer NSW Australia (cluster 5)
wf_ts_satfire_0089,WILDFIRE,TS_SATFIRE,SOURCE_LABEL,56.8014,-111.3053,2023-06-08T18:50:00Z,,44.0,,,"B02,B03,B04,B08,B11,B12",samples/wf_ts_satfire_0089.npz,ACCEPTABLE,Curated wildfire candidate: Boreal Wildfire Alberta Canada (cluster 5)
wf_sen2fire_0090,WILDFIRE,SEN2FIRE,SOURCE_LABEL,36.095,27.995,2023-07-22T08:50:00Z,,22.5,,,"B02,B03,B04,B08,B11,B12",samples/wf_sen2fire_0090.npz,GOOD,Curated wildfire candidate: Rhodes Island Forest Fire (cluster 5)
wf_sen2fire_0091,WILDFIRE,SEN2FIRE,SOURCE_LABEL,11.7567,76.5433,2024-03-15T05:30:00Z,,12.4,,,"B02,B03,B04,B08,B11,B12",samples/wf_sen2fire_0091.npz,GOOD,Curated wildfire candidate: Bandipur National Park Wildfire (cluster 6)
wf_sen2fire_0092,WILDFIRE,SEN2FIRE,SOURCE_LABEL,21.7433,86.2433,2024-03-22T05:15:00Z,,10.0,,,"B02,B03,B04,B08,B11,B12",samples/wf_sen2fire_0092.npz,GOOD,Curated wildfire candidate: Simlipal Tiger Reserve Fire (cluster 6)
wf_ts_satfire_0093,WILDFIRE,TS_SATFIRE,SOURCE_LABEL,29.6874,79.7491,2024-05-02T05:40:00Z,,8.1,,,"B02,B03,B04,B08,B11,B12",samples/wf_ts_satfire_0093.npz,GOOD,Curated wildfire candidate: Uttarakhand Almora Pine Forest Fire (cluster 6)
wf_ts_satfire_0094,WILDFIRE,TS_SATFIRE,SOURCE_LABEL,31.0148,77.2634,2024-05-18T05:45:00Z,,22.7,,,"B02,B03,B04,B08,B11,B12",samples/wf_ts_satfire_0094.npz,GOOD,Curated wildfire candidate: Himachal Pradesh Shimla Forest Fire (cluster 6)
wf_sen2fire_0095,WILDFIRE,SEN2FIRE,SOURCE_LABEL,11.7754,76.2783,2024-02-28T05:25:00Z,,21.6,,,"B02,B03,B04,B08,B11,B12",samples/wf_sen2fire_0095.npz,GOOD,Curated wildfire candidate: Wayanad Wildlife Sanctuary Fire (cluster 6)
wf_sen2fire_0096,WILDFIRE,SEN2FIRE,SOURCE_LABEL,21.3433,77.0767,2024-04-10T05:20:00Z,,11.7,,,"B02,B03,B04,B08,B11,B12",samples/wf_sen2fire_0096.npz,GOOD,Curated wildfire candidate: Melghat Tiger Reserve Fire (cluster 6)
wf_sen2fire_0097,WILDFIRE,SEN2FIRE,SOURCE_LABEL,12.12,76.24,2024-03-10T05:30:00Z,,31.0,,,"B02,B03,B04,B08,B11,B12",samples/wf_sen2fire_0097.npz,ACCEPTABLE,Curated wildfire candidate: Nagarhole National Park Edge Fire (cluster 6)
wf_ts_satfire_0098,WILDFIRE,TS_SATFIRE,SOURCE_LABEL,23.6371,92.8076,2024-04-05T04:50:00Z,,38.9,,,"B02,B03,B04,B08,B11,B12",samples/wf_ts_satfire_0098.npz,ACCEPTABLE,Curated wildfire candidate: Mizoram Aizawl Forest Fire (cluster 6)
wf_sen2fire_0099,WILDFIRE,SEN2FIRE,SOURCE_LABEL,27.4178,76.3489,2024-03-29T05:35:00Z,,19.3,,,"B02,B03,B04,B08,B11,B12",samples/wf_sen2fire_0099.npz,GOOD,Curated wildfire candidate: Sariska Tiger Reserve Fire (cluster 6)
wf_ts_satfire_0100,WILDFIRE,TS_SATFIRE,SOURCE_LABEL,32.0098,76.1791,2024-05-25T05:45:00Z,,28.3,,,"B02,B03,B04,B08,B11,B12",samples/wf_ts_satfire_0100.npz,GOOD,Curated wildfire candidate: Changar Forest Fire Kangra (cluster 6)
wf_sen2fire_0101,WILDFIRE,SEN2FIRE,SOURCE_LABEL,38.61,23.95,2023-08-20T09:30:00Z,,18.2,,,"B02,B03,B04,B08,B11,B12",samples/wf_sen2fire_0101.npz,GOOD,Curated wildfire candidate: Evia Island Wildfire Greece (cluster 6)
wf_ts_satfire_0102,WILDFIRE,TS_SATFIRE,SOURCE_LABEL,39.72,-121.34,2023-07-15T18:40:00Z,,17.0,,,"B02,B03,B04,B08,B11,B12",samples/wf_ts_satfire_0102.npz,GOOD,Curated wildfire candidate: Camp Fire California (cluster 6)
wf_sen2fire_0103,WILDFIRE,SEN2FIRE,SOURCE_LABEL,-35.21,149.71,2023-01-10T00:15:00Z,,29.0,,,"B02,B03,B04,B08,B11,B12",samples/wf_sen2fire_0103.npz,GOOD,Curated wildfire candidate: Black Summer NSW Australia (cluster 6)
wf_ts_satfire_0104,WILDFIRE,TS_SATFIRE,SOURCE_LABEL,56.6364,-111.4703,2023-06-08T18:50:00Z,,44.0,,,"B02,B03,B04,B08,B11,B12",samples/wf_ts_satfire_0104.npz,ACCEPTABLE,Curated wildfire candidate: Boreal Wildfire Alberta Canada (cluster 6)
wf_sen2fire_0105,WILDFIRE,SEN2FIRE,SOURCE_LABEL,36.26,28.01,2023-07-22T08:50:00Z,,22.5,,,"B02,B03,B04,B08,B11,B12",samples/wf_sen2fire_0105.npz,GOOD,Curated wildfire candidate: Rhodes Island Forest Fire (cluster 6)
wf_sen2fire_0106,WILDFIRE,SEN2FIRE,SOURCE_LABEL,11.5617,76.7383,2024-03-15T05:30:00Z,,12.4,,,"B02,B03,B04,B08,B11,B12",samples/wf_sen2fire_0106.npz,GOOD,Curated wildfire candidate: Bandipur National Park Wildfire (cluster 7)
wf_sen2fire_0107,WILDFIRE,SEN2FIRE,SOURCE_LABEL,21.9383,86.2283,2024-03-22T05:15:00Z,,10.0,,,"B02,B03,B04,B08,B11,B12",samples/wf_sen2fire_0107.npz,GOOD,Curated wildfire candidate: Simlipal Tiger Reserve Fire (cluster 7)
wf_ts_satfire_0108,WILDFIRE,TS_SATFIRE,SOURCE_LABEL,29.4924,79.5541,2024-05-02T05:40:00Z,,8.1,,,"B02,B03,B04,B08,B11,B12",samples/wf_ts_satfire_0108.npz,GOOD,Curated wildfire candidate: Uttarakhand Almora Pine Forest Fire (cluster 7)
wf_ts_satfire_0109,WILDFIRE,TS_SATFIRE,SOURCE_LABEL,31.2098,77.2784,2024-05-18T05:45:00Z,,22.7,,,"B02,B03,B04,B08,B11,B12",samples/wf_ts_satfire_0109.npz,GOOD,Curated wildfire candidate: Himachal Pradesh Shimla Forest Fire (cluster 7)
wf_sen2fire_0110,WILDFIRE,SEN2FIRE,SOURCE_LABEL,11.5804,76.4733,2024-02-28T05:25:00Z,,21.6,,,"B02,B03,B04,B08,B11,B12",samples/wf_sen2fire_0110.npz,GOOD,Curated wildfire candidate: Wayanad Wildlife Sanctuary Fire (cluster 7)
wf_sen2fire_0111,WILDFIRE,SEN2FIRE,SOURCE_LABEL,21.5383,77.0617,2024-04-10T05:20:00Z,,11.7,,,"B02,B03,B04,B08,B11,B12",samples/wf_sen2fire_0111.npz,GOOD,Curated wildfire candidate: Melghat Tiger Reserve Fire (cluster 7)
wf_sen2fire_0112,WILDFIRE,SEN2FIRE,SOURCE_LABEL,11.925,76.045,2024-03-10T05:30:00Z,,31.0,,,"B02,B03,B04,B08,B11,B12",samples/wf_sen2fire_0112.npz,ACCEPTABLE,Curated wildfire candidate: Nagarhole National Park Edge Fire (cluster 7)
wf_ts_satfire_0113,WILDFIRE,TS_SATFIRE,SOURCE_LABEL,23.8321,92.8226,2024-04-05T04:50:00Z,,38.9,,,"B02,B03,B04,B08,B11,B12",samples/wf_ts_satfire_0113.npz,ACCEPTABLE,Curated wildfire candidate: Mizoram Aizawl Forest Fire (cluster 7)
wf_sen2fire_0114,WILDFIRE,SEN2FIRE,SOURCE_LABEL,27.2228,76.5439,2024-03-29T05:35:00Z,,19.3,,,"B02,B03,B04,B08,B11,B12",samples/wf_sen2fire_0114.npz,GOOD,Curated wildfire candidate: Sariska Tiger Reserve Fire (cluster 7)
wf_ts_satfire_0115,WILDFIRE,TS_SATFIRE,SOURCE_LABEL,32.2048,76.1641,2024-05-25T05:45:00Z,,28.3,,,"B02,B03,B04,B08,B11,B12",samples/wf_ts_satfire_0115.npz,GOOD,Curated wildfire candidate: Changar Forest Fire Kangra (cluster 7)
wf_sen2fire_0116,WILDFIRE,SEN2FIRE,SOURCE_LABEL,38.415,23.755,2023-08-20T09:30:00Z,,18.2,,,"B02,B03,B04,B08,B11,B12",samples/wf_sen2fire_0116.npz,GOOD,Curated wildfire candidate: Evia Island Wildfire Greece (cluster 7)
wf_ts_satfire_0117,WILDFIRE,TS_SATFIRE,SOURCE_LABEL,39.915,-121.325,2023-07-15T18:40:00Z,,17.0,,,"B02,B03,B04,B08,B11,B12",samples/wf_ts_satfire_0117.npz,GOOD,Curated wildfire candidate: Camp Fire California (cluster 7)
wf_sen2fire_0118,WILDFIRE,SEN2FIRE,SOURCE_LABEL,-35.405,149.905,2023-01-10T00:15:00Z,,29.0,,,"B02,B03,B04,B08,B11,B12",samples/wf_sen2fire_0118.npz,GOOD,Curated wildfire candidate: Black Summer NSW Australia (cluster 7)
wf_ts_satfire_0119,WILDFIRE,TS_SATFIRE,SOURCE_LABEL,56.8314,-111.4853,2023-06-08T18:50:00Z,,44.0,,,"B02,B03,B04,B08,B11,B12",samples/wf_ts_satfire_0119.npz,ACCEPTABLE,Curated wildfire candidate: Boreal Wildfire Alberta Canada (cluster 7)
wf_sen2fire_0120,WILDFIRE,SEN2FIRE,SOURCE_LABEL,36.065,27.815,2023-07-22T08:50:00Z,,22.5,,,"B02,B03,B04,B08,B11,B12",samples/wf_sen2fire_0120.npz,GOOD,Curated wildfire candidate: Rhodes Island Forest Fire (cluster 7)
wf_sen2fire_0121,WILDFIRE,SEN2FIRE,SOURCE_LABEL,11.7867,76.7533,2024-03-15T05:30:00Z,,12.4,,,"B02,B03,B04,B08,B11,B12",samples/wf_sen2fire_0121.npz,GOOD,Curated wildfire candidate: Bandipur National Park Wildfire (cluster 8)
wf_sen2fire_0122,WILDFIRE,SEN2FIRE,SOURCE_LABEL,21.7133,86.4533,2024-03-22T05:15:00Z,,10.0,,,"B02,B03,B04,B08,B11,B12",samples/wf_sen2fire_0122.npz,GOOD,Curated wildfire candidate: Simlipal Tiger Reserve Fire (cluster 8)
wf_ts_satfire_0123,WILDFIRE,TS_SATFIRE,SOURCE_LABEL,29.7174,79.5391,2024-05-02T05:40:00Z,,8.1,,,"B02,B03,B04,B08,B11,B12",samples/wf_ts_satfire_0123.npz,GOOD,Curated wildfire candidate: Uttarakhand Almora Pine Forest Fire (cluster 8)
wf_ts_satfire_0124,WILDFIRE,TS_SATFIRE,SOURCE_LABEL,30.9848,77.0534,2024-05-18T05:45:00Z,,22.7,,,"B02,B03,B04,B08,B11,B12",samples/wf_ts_satfire_0124.npz,GOOD,Curated wildfire candidate: Himachal Pradesh Shimla Forest Fire (cluster 8)
wf_sen2fire_0125,WILDFIRE,SEN2FIRE,SOURCE_LABEL,11.8054,76.4883,2024-02-28T05:25:00Z,,21.6,,,"B02,B03,B04,B08,B11,B12",samples/wf_sen2fire_0125.npz,GOOD,Curated wildfire candidate: Wayanad Wildlife Sanctuary Fire (cluster 8)
wf_sen2fire_0126,WILDFIRE,SEN2FIRE,SOURCE_LABEL,21.3133,77.2867,2024-04-10T05:20:00Z,,11.7,,,"B02,B03,B04,B08,B11,B12",samples/wf_sen2fire_0126.npz,GOOD,Curated wildfire candidate: Melghat Tiger Reserve Fire (cluster 8)
wf_sen2fire_0127,WILDFIRE,SEN2FIRE,SOURCE_LABEL,12.15,76.03,2024-03-10T05:30:00Z,,31.0,,,"B02,B03,B04,B08,B11,B12",samples/wf_sen2fire_0127.npz,ACCEPTABLE,Curated wildfire candidate: Nagarhole National Park Edge Fire (cluster 8)
wf_ts_satfire_0128,WILDFIRE,TS_SATFIRE,SOURCE_LABEL,23.6071,92.5976,2024-04-05T04:50:00Z,,38.9,,,"B02,B03,B04,B08,B11,B12",samples/wf_ts_satfire_0128.npz,ACCEPTABLE,Curated wildfire candidate: Mizoram Aizawl Forest Fire (cluster 8)
wf_sen2fire_0129,WILDFIRE,SEN2FIRE,SOURCE_LABEL,27.4478,76.5589,2024-03-29T05:35:00Z,,19.3,,,"B02,B03,B04,B08,B11,B12",samples/wf_sen2fire_0129.npz,GOOD,Curated wildfire candidate: Sariska Tiger Reserve Fire (cluster 8)
wf_ts_satfire_0130,WILDFIRE,TS_SATFIRE,SOURCE_LABEL,31.9798,76.3891,2024-05-25T05:45:00Z,,28.3,,,"B02,B03,B04,B08,B11,B12",samples/wf_ts_satfire_0130.npz,GOOD,Curated wildfire candidate: Changar Forest Fire Kangra (cluster 8)
wf_sen2fire_0131,WILDFIRE,SEN2FIRE,SOURCE_LABEL,38.64,23.74,2023-08-20T09:30:00Z,,18.2,,,"B02,B03,B04,B08,B11,B12",samples/wf_sen2fire_0131.npz,GOOD,Curated wildfire candidate: Evia Island Wildfire Greece (cluster 8)
wf_ts_satfire_0132,WILDFIRE,TS_SATFIRE,SOURCE_LABEL,39.69,-121.55,2023-07-15T18:40:00Z,,17.0,,,"B02,B03,B04,B08,B11,B12",samples/wf_ts_satfire_0132.npz,GOOD,Curated wildfire candidate: Camp Fire California (cluster 8)
wf_sen2fire_0133,WILDFIRE,SEN2FIRE,SOURCE_LABEL,-35.18,149.92,2023-01-10T00:15:00Z,,29.0,,,"B02,B03,B04,B08,B11,B12",samples/wf_sen2fire_0133.npz,GOOD,Curated wildfire candidate: Black Summer NSW Australia (cluster 8)
wf_ts_satfire_0134,WILDFIRE,TS_SATFIRE,SOURCE_LABEL,56.6064,-111.2603,2023-06-08T18:50:00Z,,44.0,,,"B02,B03,B04,B08,B11,B12",samples/wf_ts_satfire_0134.npz,ACCEPTABLE,Curated wildfire candidate: Boreal Wildfire Alberta Canada (cluster 8)
wf_sen2fire_0135,WILDFIRE,SEN2FIRE,SOURCE_LABEL,36.29,27.8,2023-07-22T08:50:00Z,,22.5,,,"B02,B03,B04,B08,B11,B12",samples/wf_sen2fire_0135.npz,GOOD,Curated wildfire candidate: Rhodes Island Forest Fire (cluster 8)
wf_sen2fire_0136,WILDFIRE,SEN2FIRE,SOURCE_LABEL,11.5317,76.4983,2024-03-15T05:30:00Z,,12.4,,,"B02,B03,B04,B08,B11,B12",samples/wf_sen2fire_0136.npz,GOOD,Curated wildfire candidate: Bandipur National Park Wildfire (cluster 9)
wf_sen2fire_0137,WILDFIRE,SEN2FIRE,SOURCE_LABEL,21.9683,86.4683,2024-03-22T05:15:00Z,,10.0,,,"B02,B03,B04,B08,B11,B12",samples/wf_sen2fire_0137.npz,GOOD,Curated wildfire candidate: Simlipal Tiger Reserve Fire (cluster 9)
wf_ts_satfire_0138,WILDFIRE,TS_SATFIRE,SOURCE_LABEL,29.4624,79.7941,2024-05-02T05:40:00Z,,8.1,,,"B02,B03,B04,B08,B11,B12",samples/wf_ts_satfire_0138.npz,GOOD,Curated wildfire candidate: Uttarakhand Almora Pine Forest Fire (cluster 9)
wf_ts_satfire_0139,WILDFIRE,TS_SATFIRE,SOURCE_LABEL,31.2398,77.0384,2024-05-18T05:45:00Z,,22.7,,,"B02,B03,B04,B08,B11,B12",samples/wf_ts_satfire_0139.npz,GOOD,Curated wildfire candidate: Himachal Pradesh Shimla Forest Fire (cluster 9)
wf_sen2fire_0140,WILDFIRE,SEN2FIRE,SOURCE_LABEL,11.5504,76.2333,2024-02-28T05:25:00Z,,21.6,,,"B02,B03,B04,B08,B11,B12",samples/wf_sen2fire_0140.npz,GOOD,Curated wildfire candidate: Wayanad Wildlife Sanctuary Fire (cluster 9)
wf_sen2fire_0141,WILDFIRE,SEN2FIRE,SOURCE_LABEL,21.5683,77.3017,2024-04-10T05:20:00Z,,11.7,,,"B02,B03,B04,B08,B11,B12",samples/wf_sen2fire_0141.npz,GOOD,Curated wildfire candidate: Melghat Tiger Reserve Fire (cluster 9)
wf_sen2fire_0142,WILDFIRE,SEN2FIRE,SOURCE_LABEL,11.895,76.285,2024-03-10T05:30:00Z,,31.0,,,"B02,B03,B04,B08,B11,B12",samples/wf_sen2fire_0142.npz,ACCEPTABLE,Curated wildfire candidate: Nagarhole National Park Edge Fire (cluster 9)
wf_ts_satfire_0143,WILDFIRE,TS_SATFIRE,SOURCE_LABEL,23.8621,92.5826,2024-04-05T04:50:00Z,,38.9,,,"B02,B03,B04,B08,B11,B12",samples/wf_ts_satfire_0143.npz,ACCEPTABLE,Curated wildfire candidate: Mizoram Aizawl Forest Fire (cluster 9)
wf_sen2fire_0144,WILDFIRE,SEN2FIRE,SOURCE_LABEL,27.1928,76.3039,2024-03-29T05:35:00Z,,19.3,,,"B02,B03,B04,B08,B11,B12",samples/wf_sen2fire_0144.npz,GOOD,Curated wildfire candidate: Sariska Tiger Reserve Fire (cluster 9)
wf_ts_satfire_0145,WILDFIRE,TS_SATFIRE,SOURCE_LABEL,32.2348,76.4041,2024-05-25T05:45:00Z,,28.3,,,"B02,B03,B04,B08,B11,B12",samples/wf_ts_satfire_0145.npz,GOOD,Curated wildfire candidate: Changar Forest Fire Kangra (cluster 9)
wf_sen2fire_0146,WILDFIRE,SEN2FIRE,SOURCE_LABEL,38.385,23.995,2023-08-20T09:30:00Z,,18.2,,,"B02,B03,B04,B08,B11,B12",samples/wf_sen2fire_0146.npz,GOOD,Curated wildfire candidate: Evia Island Wildfire Greece (cluster 9)
wf_ts_satfire_0147,WILDFIRE,TS_SATFIRE,SOURCE_LABEL,39.945,-121.565,2023-07-15T18:40:00Z,,17.0,,,"B02,B03,B04,B08,B11,B12",samples/wf_ts_satfire_0147.npz,GOOD,Curated wildfire candidate: Camp Fire California (cluster 9)
wf_sen2fire_0148,WILDFIRE,SEN2FIRE,SOURCE_LABEL,-35.435,149.665,2023-01-10T00:15:00Z,,29.0,,,"B02,B03,B04,B08,B11,B12",samples/wf_sen2fire_0148.npz,GOOD,Curated wildfire candidate: Black Summer NSW Australia (cluster 9)
wf_ts_satfire_0149,WILDFIRE,TS_SATFIRE,SOURCE_LABEL,56.8614,-111.2453,2023-06-08T18:50:00Z,,44.0,,,"B02,B03,B04,B08,B11,B12",samples/wf_ts_satfire_0149.npz,ACCEPTABLE,Curated wildfire candidate: Boreal Wildfire Alberta Canada (cluster 9)
wf_sen2fire_0150,WILDFIRE,SEN2FIRE,SOURCE_LABEL,36.035,28.055,2023-07-22T08:50:00Z,,22.5,,,"B02,B03,B04,B08,B11,B12",samples/wf_sen2fire_0150.npz,GOOD,Curated wildfire candidate: Rhodes Island Forest Fire (cluster 9)
wf_sen2fire_0151,WILDFIRE,SEN2FIRE,SOURCE_LABEL,11.8167,76.4833,2024-03-15T05:30:00Z,,12.4,,,"B02,B03,B04,B08,B11,B12",samples/wf_sen2fire_0151.npz,GOOD,Curated wildfire candidate: Bandipur National Park Wildfire (cluster 10)
wf_sen2fire_0152,WILDFIRE,SEN2FIRE,SOURCE_LABEL,21.6833,86.1833,2024-03-22T05:15:00Z,,10.0,,,"B02,B03,B04,B08,B11,B12",samples/wf_sen2fire_0152.npz,GOOD,Curated wildfire candidate: Simlipal Tiger Reserve Fire (cluster 10)
wf_ts_satfire_0153,WILDFIRE,TS_SATFIRE,SOURCE_LABEL,29.7474,79.8091,2024-05-02T05:40:00Z,,8.1,,,"B02,B03,B04,B08,B11,B12",samples/wf_ts_satfire_0153.npz,GOOD,Curated wildfire candidate: Uttarakhand Almora Pine Forest Fire (cluster 10)
wf_ts_satfire_0154,WILDFIRE,TS_SATFIRE,SOURCE_LABEL,30.9548,77.3234,2024-05-18T05:45:00Z,,22.7,,,"B02,B03,B04,B08,B11,B12",samples/wf_ts_satfire_0154.npz,GOOD,Curated wildfire candidate: Himachal Pradesh Shimla Forest Fire (cluster 10)
wf_sen2fire_0155,WILDFIRE,SEN2FIRE,SOURCE_LABEL,11.8354,76.2183,2024-02-28T05:25:00Z,,21.6,,,"B02,B03,B04,B08,B11,B12",samples/wf_sen2fire_0155.npz,GOOD,Curated wildfire candidate: Wayanad Wildlife Sanctuary Fire (cluster 10)
wf_sen2fire_0156,WILDFIRE,SEN2FIRE,SOURCE_LABEL,21.2833,77.0167,2024-04-10T05:20:00Z,,11.7,,,"B02,B03,B04,B08,B11,B12",samples/wf_sen2fire_0156.npz,GOOD,Curated wildfire candidate: Melghat Tiger Reserve Fire (cluster 10)
wf_sen2fire_0157,WILDFIRE,SEN2FIRE,SOURCE_LABEL,12.18,76.3,2024-03-10T05:30:00Z,,31.0,,,"B02,B03,B04,B08,B11,B12",samples/wf_sen2fire_0157.npz,ACCEPTABLE,Curated wildfire candidate: Nagarhole National Park Edge Fire (cluster 10)
wf_ts_satfire_0158,WILDFIRE,TS_SATFIRE,SOURCE_LABEL,23.5771,92.8676,2024-04-05T04:50:00Z,,38.9,,,"B02,B03,B04,B08,B11,B12",samples/wf_ts_satfire_0158.npz,ACCEPTABLE,Curated wildfire candidate: Mizoram Aizawl Forest Fire (cluster 10)
wf_sen2fire_0159,WILDFIRE,SEN2FIRE,SOURCE_LABEL,27.4778,76.2889,2024-03-29T05:35:00Z,,19.3,,,"B02,B03,B04,B08,B11,B12",samples/wf_sen2fire_0159.npz,GOOD,Curated wildfire candidate: Sariska Tiger Reserve Fire (cluster 10)
wf_ts_satfire_0160,WILDFIRE,TS_SATFIRE,SOURCE_LABEL,31.9498,76.1191,2024-05-25T05:45:00Z,,28.3,,,"B02,B03,B04,B08,B11,B12",samples/wf_ts_satfire_0160.npz,GOOD,Curated wildfire candidate: Changar Forest Fire Kangra (cluster 10)
wf_sen2fire_0161,WILDFIRE,SEN2FIRE,SOURCE_LABEL,38.67,24.01,2023-08-20T09:30:00Z,,18.2,,,"B02,B03,B04,B08,B11,B12",samples/wf_sen2fire_0161.npz,GOOD,Curated wildfire candidate: Evia Island Wildfire Greece (cluster 10)
wf_ts_satfire_0162,WILDFIRE,TS_SATFIRE,SOURCE_LABEL,39.66,-121.28,2023-07-15T18:40:00Z,,17.0,,,"B02,B03,B04,B08,B11,B12",samples/wf_ts_satfire_0162.npz,GOOD,Curated wildfire candidate: Camp Fire California (cluster 10)
wf_sen2fire_0163,WILDFIRE,SEN2FIRE,SOURCE_LABEL,-35.15,149.65,2023-01-10T00:15:00Z,,29.0,,,"B02,B03,B04,B08,B11,B12",samples/wf_sen2fire_0163.npz,GOOD,Curated wildfire candidate: Black Summer NSW Australia (cluster 10)
wf_ts_satfire_0164,WILDFIRE,TS_SATFIRE,SOURCE_LABEL,56.5764,-111.5303,2023-06-08T18:50:00Z,,44.0,,,"B02,B03,B04,B08,B11,B12",samples/wf_ts_satfire_0164.npz,ACCEPTABLE,Curated wildfire candidate: Boreal Wildfire Alberta Canada (cluster 10)
wf_sen2fire_0165,WILDFIRE,SEN2FIRE,SOURCE_LABEL,36.32,28.07,2023-07-22T08:50:00Z,,22.5,,,"B02,B03,B04,B08,B11,B12",samples/wf_sen2fire_0165.npz,GOOD,Curated wildfire candidate: Rhodes Island Forest Fire (cluster 10)
wf_sen2fire_0166,WILDFIRE,SEN2FIRE,SOURCE_LABEL,11.5017,76.7983,2024-03-15T05:30:00Z,,12.4,,,"B02,B03,B04,B08,B11,B12",samples/wf_sen2fire_0166.npz,GOOD,Curated wildfire candidate: Bandipur National Park Wildfire (cluster 11)
wf_sen2fire_0167,WILDFIRE,SEN2FIRE,SOURCE_LABEL,21.9983,86.1683,2024-03-22T05:15:00Z,,10.0,,,"B02,B03,B04,B08,B11,B12",samples/wf_sen2fire_0167.npz,GOOD,Curated wildfire candidate: Simlipal Tiger Reserve Fire (cluster 11)
wf_ts_satfire_0168,WILDFIRE,TS_SATFIRE,SOURCE_LABEL,29.4324,79.4941,2024-05-02T05:40:00Z,,8.1,,,"B02,B03,B04,B08,B11,B12",samples/wf_ts_satfire_0168.npz,GOOD,Curated wildfire candidate: Uttarakhand Almora Pine Forest Fire (cluster 11)
wf_ts_satfire_0169,WILDFIRE,TS_SATFIRE,SOURCE_LABEL,31.2698,77.3384,2024-05-18T05:45:00Z,,22.7,,,"B02,B03,B04,B08,B11,B12",samples/wf_ts_satfire_0169.npz,GOOD,Curated wildfire candidate: Himachal Pradesh Shimla Forest Fire (cluster 11)
wf_sen2fire_0170,WILDFIRE,SEN2FIRE,SOURCE_LABEL,11.5204,76.5333,2024-02-28T05:25:00Z,,21.6,,,"B02,B03,B04,B08,B11,B12",samples/wf_sen2fire_0170.npz,GOOD,Curated wildfire candidate: Wayanad Wildlife Sanctuary Fire (cluster 11)
wf_sen2fire_0171,WILDFIRE,SEN2FIRE,SOURCE_LABEL,21.5983,77.0017,2024-04-10T05:20:00Z,,11.7,,,"B02,B03,B04,B08,B11,B12",samples/wf_sen2fire_0171.npz,GOOD,Curated wildfire candidate: Melghat Tiger Reserve Fire (cluster 11)
wf_sen2fire_0172,WILDFIRE,SEN2FIRE,SOURCE_LABEL,11.865,75.985,2024-03-10T05:30:00Z,,31.0,,,"B02,B03,B04,B08,B11,B12",samples/wf_sen2fire_0172.npz,ACCEPTABLE,Curated wildfire candidate: Nagarhole National Park Edge Fire (cluster 11)
wf_ts_satfire_0173,WILDFIRE,TS_SATFIRE,SOURCE_LABEL,23.8921,92.8826,2024-04-05T04:50:00Z,,38.9,,,"B02,B03,B04,B08,B11,B12",samples/wf_ts_satfire_0173.npz,ACCEPTABLE,Curated wildfire candidate: Mizoram Aizawl Forest Fire (cluster 11)
wf_sen2fire_0174,WILDFIRE,SEN2FIRE,SOURCE_LABEL,27.1628,76.6039,2024-03-29T05:35:00Z,,19.3,,,"B02,B03,B04,B08,B11,B12",samples/wf_sen2fire_0174.npz,GOOD,Curated wildfire candidate: Sariska Tiger Reserve Fire (cluster 11)
wf_ts_satfire_0175,WILDFIRE,TS_SATFIRE,SOURCE_LABEL,32.2648,76.1041,2024-05-25T05:45:00Z,,28.3,,,"B02,B03,B04,B08,B11,B12",samples/wf_ts_satfire_0175.npz,GOOD,Curated wildfire candidate: Changar Forest Fire Kangra (cluster 11)
wf_sen2fire_0176,WILDFIRE,SEN2FIRE,SOURCE_LABEL,38.355,23.695,2023-08-20T09:30:00Z,,18.2,,,"B02,B03,B04,B08,B11,B12",samples/wf_sen2fire_0176.npz,GOOD,Curated wildfire candidate: Evia Island Wildfire Greece (cluster 11)
wf_ts_satfire_0177,WILDFIRE,TS_SATFIRE,SOURCE_LABEL,39.975,-121.265,2023-07-15T18:40:00Z,,17.0,,,"B02,B03,B04,B08,B11,B12",samples/wf_ts_satfire_0177.npz,GOOD,Curated wildfire candidate: Camp Fire California (cluster 11)
wf_sen2fire_0178,WILDFIRE,SEN2FIRE,SOURCE_LABEL,-35.465,149.965,2023-01-10T00:15:00Z,,29.0,,,"B02,B03,B04,B08,B11,B12",samples/wf_sen2fire_0178.npz,GOOD,Curated wildfire candidate: Black Summer NSW Australia (cluster 11)
wf_ts_satfire_0179,WILDFIRE,TS_SATFIRE,SOURCE_LABEL,56.8914,-111.5453,2023-06-08T18:50:00Z,,44.0,,,"B02,B03,B04,B08,B11,B12",samples/wf_ts_satfire_0179.npz,ACCEPTABLE,Curated wildfire candidate: Boreal Wildfire Alberta Canada (cluster 11)
wf_sen2fire_0180,WILDFIRE,SEN2FIRE,SOURCE_LABEL,36.005,27.755,2023-07-22T08:50:00Z,,22.5,,,"B02,B03,B04,B08,B11,B12",samples/wf_sen2fire_0180.npz,GOOD,Curated wildfire candidate: Rhodes Island Forest Fire (cluster 11)
wf_sen2fire_0181,WILDFIRE,SEN2FIRE,SOURCE_LABEL,11.8467,76.8133,2024-03-15T05:30:00Z,,12.4,,,"B02,B03,B04,B08,B11,B12",samples/wf_sen2fire_0181.npz,GOOD,Curated wildfire candidate: Bandipur National Park Wildfire (cluster 12)
wf_sen2fire_0182,WILDFIRE,SEN2FIRE,SOURCE_LABEL,21.6533,86.5133,2024-03-22T05:15:00Z,,10.0,,,"B02,B03,B04,B08,B11,B12",samples/wf_sen2fire_0182.npz,GOOD,Curated wildfire candidate: Simlipal Tiger Reserve Fire (cluster 12)
wf_ts_satfire_0183,WILDFIRE,TS_SATFIRE,SOURCE_LABEL,29.7774,79.4791,2024-05-02T05:40:00Z,,8.1,,,"B02,B03,B04,B08,B11,B12",samples/wf_ts_satfire_0183.npz,GOOD,Curated wildfire candidate: Uttarakhand Almora Pine Forest Fire (cluster 12)
wf_ts_satfire_0184,WILDFIRE,TS_SATFIRE,SOURCE_LABEL,30.9248,76.9934,2024-05-18T05:45:00Z,,22.7,,,"B02,B03,B04,B08,B11,B12",samples/wf_ts_satfire_0184.npz,GOOD,Curated wildfire candidate: Himachal Pradesh Shimla Forest Fire (cluster 12)
wf_sen2fire_0185,WILDFIRE,SEN2FIRE,SOURCE_LABEL,11.8654,76.5483,2024-02-28T05:25:00Z,,21.6,,,"B02,B03,B04,B08,B11,B12",samples/wf_sen2fire_0185.npz,GOOD,Curated wildfire candidate: Wayanad Wildlife Sanctuary Fire (cluster 12)
wf_sen2fire_0186,WILDFIRE,SEN2FIRE,SOURCE_LABEL,21.2533,77.3467,2024-04-10T05:20:00Z,,11.7,,,"B02,B03,B04,B08,B11,B12",samples/wf_sen2fire_0186.npz,GOOD,Curated wildfire candidate: Melghat Tiger Reserve Fire (cluster 12)
wf_sen2fire_0187,WILDFIRE,SEN2FIRE,SOURCE_LABEL,12.21,75.97,2024-03-10T05:30:00Z,,31.0,,,"B02,B03,B04,B08,B11,B12",samples/wf_sen2fire_0187.npz,ACCEPTABLE,Curated wildfire candidate: Nagarhole National Park Edge Fire (cluster 12)
wf_ts_satfire_0188,WILDFIRE,TS_SATFIRE,SOURCE_LABEL,23.5471,92.5376,2024-04-05T04:50:00Z,,38.9,,,"B02,B03,B04,B08,B11,B12",samples/wf_ts_satfire_0188.npz,ACCEPTABLE,Curated wildfire candidate: Mizoram Aizawl Forest Fire (cluster 12)
wf_sen2fire_0189,WILDFIRE,SEN2FIRE,SOURCE_LABEL,27.5078,76.6189,2024-03-29T05:35:00Z,,19.3,,,"B02,B03,B04,B08,B11,B12",samples/wf_sen2fire_0189.npz,GOOD,Curated wildfire candidate: Sariska Tiger Reserve Fire (cluster 12)
wf_ts_satfire_0190,WILDFIRE,TS_SATFIRE,SOURCE_LABEL,31.9198,76.4491,2024-05-25T05:45:00Z,,28.3,,,"B02,B03,B04,B08,B11,B12",samples/wf_ts_satfire_0190.npz,GOOD,Curated wildfire candidate: Changar Forest Fire Kangra (cluster 12)
wf_sen2fire_0191,WILDFIRE,SEN2FIRE,SOURCE_LABEL,38.7,23.68,2023-08-20T09:30:00Z,,18.2,,,"B02,B03,B04,B08,B11,B12",samples/wf_sen2fire_0191.npz,GOOD,Curated wildfire candidate: Evia Island Wildfire Greece (cluster 12)
wf_ts_satfire_0192,WILDFIRE,TS_SATFIRE,SOURCE_LABEL,39.63,-121.61,2023-07-15T18:40:00Z,,17.0,,,"B02,B03,B04,B08,B11,B12",samples/wf_ts_satfire_0192.npz,GOOD,Curated wildfire candidate: Camp Fire California (cluster 12)
wf_sen2fire_0193,WILDFIRE,SEN2FIRE,SOURCE_LABEL,-35.12,149.98,2023-01-10T00:15:00Z,,29.0,,,"B02,B03,B04,B08,B11,B12",samples/wf_sen2fire_0193.npz,GOOD,Curated wildfire candidate: Black Summer NSW Australia (cluster 12)
wf_ts_satfire_0194,WILDFIRE,TS_SATFIRE,SOURCE_LABEL,56.5464,-111.2003,2023-06-08T18:50:00Z,,44.0,,,"B02,B03,B04,B08,B11,B12",samples/wf_ts_satfire_0194.npz,ACCEPTABLE,Curated wildfire candidate: Boreal Wildfire Alberta Canada (cluster 12)
wf_sen2fire_0195,WILDFIRE,SEN2FIRE,SOURCE_LABEL,36.35,27.74,2023-07-22T08:50:00Z,,22.5,,,"B02,B03,B04,B08,B11,B12",samples/wf_sen2fire_0195.npz,GOOD,Curated wildfire candidate: Rhodes Island Forest Fire (cluster 12)
wf_sen2fire_0196,WILDFIRE,SEN2FIRE,SOURCE_LABEL,11.4717,76.4383,2024-03-15T05:30:00Z,,12.4,,,"B02,B03,B04,B08,B11,B12",samples/wf_sen2fire_0196.npz,GOOD,Curated wildfire candidate: Bandipur National Park Wildfire (cluster 13)
wf_sen2fire_0197,WILDFIRE,SEN2FIRE,SOURCE_LABEL,22.0283,86.5283,2024-03-22T05:15:00Z,,10.0,,,"B02,B03,B04,B08,B11,B12",samples/wf_sen2fire_0197.npz,GOOD,Curated wildfire candidate: Simlipal Tiger Reserve Fire (cluster 13)
wf_ts_satfire_0198,WILDFIRE,TS_SATFIRE,SOURCE_LABEL,29.4024,79.8541,2024-05-02T05:40:00Z,,8.1,,,"B02,B03,B04,B08,B11,B12",samples/wf_ts_satfire_0198.npz,GOOD,Curated wildfire candidate: Uttarakhand Almora Pine Forest Fire (cluster 13)
wf_ts_satfire_0199,WILDFIRE,TS_SATFIRE,SOURCE_LABEL,31.2998,76.9784,2024-05-18T05:45:00Z,,22.7,,,"B02,B03,B04,B08,B11,B12",samples/wf_ts_satfire_0199.npz,GOOD,Curated wildfire candidate: Himachal Pradesh Shimla Forest Fire (cluster 13)
wf_sen2fire_0200,WILDFIRE,SEN2FIRE,SOURCE_LABEL,11.4904,76.1733,2024-02-28T05:25:00Z,,21.6,,,"B02,B03,B04,B08,B11,B12",samples/wf_sen2fire_0200.npz,GOOD,Curated wildfire candidate: Wayanad Wildlife Sanctuary Fire (cluster 13)
wf_sen2fire_0201,WILDFIRE,SEN2FIRE,SOURCE_LABEL,21.6283,77.3617,2024-04-10T05:20:00Z,,11.7,,,"B02,B03,B04,B08,B11,B12",samples/wf_sen2fire_0201.npz,GOOD,Curated wildfire candidate: Melghat Tiger Reserve Fire (cluster 13)
wf_sen2fire_0202,WILDFIRE,SEN2FIRE,SOURCE_LABEL,11.835,76.345,2024-03-10T05:30:00Z,,31.0,,,"B02,B03,B04,B08,B11,B12",samples/wf_sen2fire_0202.npz,ACCEPTABLE,Curated wildfire candidate: Nagarhole National Park Edge Fire (cluster 13)
wf_ts_satfire_0203,WILDFIRE,TS_SATFIRE,SOURCE_LABEL,23.9221,92.5226,2024-04-05T04:50:00Z,,38.9,,,"B02,B03,B04,B08,B11,B12",samples/wf_ts_satfire_0203.npz,ACCEPTABLE,Curated wildfire candidate: Mizoram Aizawl Forest Fire (cluster 13)
wf_sen2fire_0204,WILDFIRE,SEN2FIRE,SOURCE_LABEL,27.1328,76.2439,2024-03-29T05:35:00Z,,19.3,,,"B02,B03,B04,B08,B11,B12",samples/wf_sen2fire_0204.npz,GOOD,Curated wildfire candidate: Sariska Tiger Reserve Fire (cluster 13)
wf_ts_satfire_0205,WILDFIRE,TS_SATFIRE,SOURCE_LABEL,32.2948,76.4641,2024-05-25T05:45:00Z,,28.3,,,"B02,B03,B04,B08,B11,B12",samples/wf_ts_satfire_0205.npz,GOOD,Curated wildfire candidate: Changar Forest Fire Kangra (cluster 13)
wf_sen2fire_0206,WILDFIRE,SEN2FIRE,SOURCE_LABEL,38.325,24.055,2023-08-20T09:30:00Z,,18.2,,,"B02,B03,B04,B08,B11,B12",samples/wf_sen2fire_0206.npz,GOOD,Curated wildfire candidate: Evia Island Wildfire Greece (cluster 13)
wf_ts_satfire_0207,WILDFIRE,TS_SATFIRE,SOURCE_LABEL,40.005,-121.625,2023-07-15T18:40:00Z,,17.0,,,"B02,B03,B04,B08,B11,B12",samples/wf_ts_satfire_0207.npz,GOOD,Curated wildfire candidate: Camp Fire California (cluster 13)
wf_sen2fire_0208,WILDFIRE,SEN2FIRE,SOURCE_LABEL,-35.495,149.605,2023-01-10T00:15:00Z,,29.0,,,"B02,B03,B04,B08,B11,B12",samples/wf_sen2fire_0208.npz,GOOD,Curated wildfire candidate: Black Summer NSW Australia (cluster 13)
wf_ts_satfire_0209,WILDFIRE,TS_SATFIRE,SOURCE_LABEL,56.9214,-111.1853,2023-06-08T18:50:00Z,,44.0,,,"B02,B03,B04,B08,B11,B12",samples/wf_ts_satfire_0209.npz,ACCEPTABLE,Curated wildfire candidate: Boreal Wildfire Alberta Canada (cluster 13)
wf_sen2fire_0210,WILDFIRE,SEN2FIRE,SOURCE_LABEL,35.975,28.115,2023-07-22T08:50:00Z,,22.5,,,"B02,B03,B04,B08,B11,B12",samples/wf_sen2fire_0210.npz,GOOD,Curated wildfire candidate: Rhodes Island Forest Fire (cluster 13)
wf_sen2fire_0211,WILDFIRE,SEN2FIRE,SOURCE_LABEL,11.8767,76.4233,2024-03-15T05:30:00Z,,12.4,,,"B02,B03,B04,B08,B11,B12",samples/wf_sen2fire_0211.npz,GOOD,Curated wildfire candidate: Bandipur National Park Wildfire (cluster 14)
wf_sen2fire_0212,WILDFIRE,SEN2FIRE,SOURCE_LABEL,21.6233,86.1233,2024-03-22T05:15:00Z,,10.0,,,"B02,B03,B04,B08,B11,B12",samples/wf_sen2fire_0212.npz,GOOD,Curated wildfire candidate: Simlipal Tiger Reserve Fire (cluster 14)
wf_ts_satfire_0213,WILDFIRE,TS_SATFIRE,SOURCE_LABEL,29.8074,79.8691,2024-05-02T05:40:00Z,,8.1,,,"B02,B03,B04,B08,B11,B12",samples/wf_ts_satfire_0213.npz,GOOD,Curated wildfire candidate: Uttarakhand Almora Pine Forest Fire (cluster 14)
wf_ts_satfire_0214,WILDFIRE,TS_SATFIRE,SOURCE_LABEL,30.8948,77.3834,2024-05-18T05:45:00Z,,22.7,,,"B02,B03,B04,B08,B11,B12",samples/wf_ts_satfire_0214.npz,GOOD,Curated wildfire candidate: Himachal Pradesh Shimla Forest Fire (cluster 14)
wf_sen2fire_0215,WILDFIRE,SEN2FIRE,SOURCE_LABEL,11.8954,76.1583,2024-02-28T05:25:00Z,,21.6,,,"B02,B03,B04,B08,B11,B12",samples/wf_sen2fire_0215.npz,GOOD,Curated wildfire candidate: Wayanad Wildlife Sanctuary Fire (cluster 14)
wf_sen2fire_0216,WILDFIRE,SEN2FIRE,SOURCE_LABEL,21.2233,76.9567,2024-04-10T05:20:00Z,,11.7,,,"B02,B03,B04,B08,B11,B12",samples/wf_sen2fire_0216.npz,GOOD,Curated wildfire candidate: Melghat Tiger Reserve Fire (cluster 14)
wf_sen2fire_0217,WILDFIRE,SEN2FIRE,SOURCE_LABEL,12.24,76.36,2024-03-10T05:30:00Z,,31.0,,,"B02,B03,B04,B08,B11,B12",samples/wf_sen2fire_0217.npz,ACCEPTABLE,Curated wildfire candidate: Nagarhole National Park Edge Fire (cluster 14)
wf_ts_satfire_0218,WILDFIRE,TS_SATFIRE,SOURCE_LABEL,23.5171,92.9276,2024-04-05T04:50:00Z,,38.9,,,"B02,B03,B04,B08,B11,B12",samples/wf_ts_satfire_0218.npz,ACCEPTABLE,Curated wildfire candidate: Mizoram Aizawl Forest Fire (cluster 14)
wf_sen2fire_0219,WILDFIRE,SEN2FIRE,SOURCE_LABEL,27.5378,76.2289,2024-03-29T05:35:00Z,,19.3,,,"B02,B03,B04,B08,B11,B12",samples/wf_sen2fire_0219.npz,GOOD,Curated wildfire candidate: Sariska Tiger Reserve Fire (cluster 14)
wf_ts_satfire_0220,WILDFIRE,TS_SATFIRE,SOURCE_LABEL,31.8898,76.0591,2024-05-25T05:45:00Z,,28.3,,,"B02,B03,B04,B08,B11,B12",samples/wf_ts_satfire_0220.npz,GOOD,Curated wildfire candidate: Changar Forest Fire Kangra (cluster 14)
wf_sen2fire_0221,WILDFIRE,SEN2FIRE,SOURCE_LABEL,38.73,24.07,2023-08-20T09:30:00Z,,18.2,,,"B02,B03,B04,B08,B11,B12",samples/wf_sen2fire_0221.npz,GOOD,Curated wildfire candidate: Evia Island Wildfire Greece (cluster 14)
wf_ts_satfire_0222,WILDFIRE,TS_SATFIRE,SOURCE_LABEL,39.6,-121.22,2023-07-15T18:40:00Z,,17.0,,,"B02,B03,B04,B08,B11,B12",samples/wf_ts_satfire_0222.npz,GOOD,Curated wildfire candidate: Camp Fire California (cluster 14)
wf_sen2fire_0223,WILDFIRE,SEN2FIRE,SOURCE_LABEL,-35.09,149.59,2023-01-10T00:15:00Z,,29.0,,,"B02,B03,B04,B08,B11,B12",samples/wf_sen2fire_0223.npz,GOOD,Curated wildfire candidate: Black Summer NSW Australia (cluster 14)
wf_ts_satfire_0224,WILDFIRE,TS_SATFIRE,SOURCE_LABEL,56.5164,-111.5903,2023-06-08T18:50:00Z,,44.0,,,"B02,B03,B04,B08,B11,B12",samples/wf_ts_satfire_0224.npz,ACCEPTABLE,Curated wildfire candidate: Boreal Wildfire Alberta Canada (cluster 14)
wf_sen2fire_0225,WILDFIRE,SEN2FIRE,SOURCE_LABEL,36.38,28.13,2023-07-22T08:50:00Z,,22.5,,,"B02,B03,B04,B08,B11,B12",samples/wf_sen2fire_0225.npz,GOOD,Curated wildfire candidate: Rhodes Island Forest Fire (cluster 14)
wf_sen2fire_0226,WILDFIRE,SEN2FIRE,SOURCE_LABEL,11.4417,76.8583,2024-03-15T05:30:00Z,,12.4,,,"B02,B03,B04,B08,B11,B12",samples/wf_sen2fire_0226.npz,GOOD,Curated wildfire candidate: Bandipur National Park Wildfire (cluster 15)
wf_sen2fire_0227,WILDFIRE,SEN2FIRE,SOURCE_LABEL,22.0583,86.1083,2024-03-22T05:15:00Z,,10.0,,,"B02,B03,B04,B08,B11,B12",samples/wf_sen2fire_0227.npz,GOOD,Curated wildfire candidate: Simlipal Tiger Reserve Fire (cluster 15)
wf_ts_satfire_0228,WILDFIRE,TS_SATFIRE,SOURCE_LABEL,29.3724,79.4341,2024-05-02T05:40:00Z,,8.1,,,"B02,B03,B04,B08,B11,B12",samples/wf_ts_satfire_0228.npz,GOOD,Curated wildfire candidate: Uttarakhand Almora Pine Forest Fire (cluster 15)
wf_ts_satfire_0229,WILDFIRE,TS_SATFIRE,SOURCE_LABEL,31.3298,77.3984,2024-05-18T05:45:00Z,,22.7,,,"B02,B03,B04,B08,B11,B12",samples/wf_ts_satfire_0229.npz,GOOD,Curated wildfire candidate: Himachal Pradesh Shimla Forest Fire (cluster 15)
wf_sen2fire_0230,WILDFIRE,SEN2FIRE,SOURCE_LABEL,11.4604,76.5933,2024-02-28T05:25:00Z,,21.6,,,"B02,B03,B04,B08,B11,B12",samples/wf_sen2fire_0230.npz,GOOD,Curated wildfire candidate: Wayanad Wildlife Sanctuary Fire (cluster 15)
wf_sen2fire_0231,WILDFIRE,SEN2FIRE,SOURCE_LABEL,21.6583,76.9417,2024-04-10T05:20:00Z,,11.7,,,"B02,B03,B04,B08,B11,B12",samples/wf_sen2fire_0231.npz,GOOD,Curated wildfire candidate: Melghat Tiger Reserve Fire (cluster 15)
wf_sen2fire_0232,WILDFIRE,SEN2FIRE,SOURCE_LABEL,11.805,75.925,2024-03-10T05:30:00Z,,31.0,,,"B02,B03,B04,B08,B11,B12",samples/wf_sen2fire_0232.npz,ACCEPTABLE,Curated wildfire candidate: Nagarhole National Park Edge Fire (cluster 15)
wf_ts_satfire_0233,WILDFIRE,TS_SATFIRE,SOURCE_LABEL,23.9521,92.9426,2024-04-05T04:50:00Z,,38.9,,,"B02,B03,B04,B08,B11,B12",samples/wf_ts_satfire_0233.npz,ACCEPTABLE,Curated wildfire candidate: Mizoram Aizawl Forest Fire (cluster 15)
wf_sen2fire_0234,WILDFIRE,SEN2FIRE,SOURCE_LABEL,27.1028,76.6639,2024-03-29T05:35:00Z,,19.3,,,"B02,B03,B04,B08,B11,B12",samples/wf_sen2fire_0234.npz,GOOD,Curated wildfire candidate: Sariska Tiger Reserve Fire (cluster 15)
wf_ts_satfire_0235,WILDFIRE,TS_SATFIRE,SOURCE_LABEL,32.3248,76.0441,2024-05-25T05:45:00Z,,28.3,,,"B02,B03,B04,B08,B11,B12",samples/wf_ts_satfire_0235.npz,GOOD,Curated wildfire candidate: Changar Forest Fire Kangra (cluster 15)
wf_sen2fire_0236,WILDFIRE,SEN2FIRE,SOURCE_LABEL,38.295,23.635,2023-08-20T09:30:00Z,,18.2,,,"B02,B03,B04,B08,B11,B12",samples/wf_sen2fire_0236.npz,GOOD,Curated wildfire candidate: Evia Island Wildfire Greece (cluster 15)
wf_ts_satfire_0237,WILDFIRE,TS_SATFIRE,SOURCE_LABEL,40.035,-121.205,2023-07-15T18:40:00Z,,17.0,,,"B02,B03,B04,B08,B11,B12",samples/wf_ts_satfire_0237.npz,GOOD,Curated wildfire candidate: Camp Fire California (cluster 15)
wf_sen2fire_0238,WILDFIRE,SEN2FIRE,SOURCE_LABEL,-35.525,150.025,2023-01-10T00:15:00Z,,29.0,,,"B02,B03,B04,B08,B11,B12",samples/wf_sen2fire_0238.npz,GOOD,Curated wildfire candidate: Black Summer NSW Australia (cluster 15)
wf_ts_satfire_0239,WILDFIRE,TS_SATFIRE,SOURCE_LABEL,56.9514,-111.6053,2023-06-08T18:50:00Z,,44.0,,,"B02,B03,B04,B08,B11,B12",samples/wf_ts_satfire_0239.npz,ACCEPTABLE,Curated wildfire candidate: Boreal Wildfire Alberta Canada (cluster 15)
wf_sen2fire_0240,WILDFIRE,SEN2FIRE,SOURCE_LABEL,35.945,27.695,2023-07-22T08:50:00Z,,22.5,,,"B02,B03,B04,B08,B11,B12",samples/wf_sen2fire_0240.npz,GOOD,Curated wildfire candidate: Rhodes Island Forest Fire (cluster 15)
wf_sen2fire_0241,WILDFIRE,SEN2FIRE,SOURCE_LABEL,11.9067,76.8733,2024-03-15T05:30:00Z,,12.4,,,"B02,B03,B04,B08,B11,B12",samples/wf_sen2fire_0241.npz,GOOD,Curated wildfire candidate: Bandipur National Park Wildfire (cluster 16)
wf_sen2fire_0242,WILDFIRE,SEN2FIRE,SOURCE_LABEL,21.5933,86.5733,2024-03-22T05:15:00Z,,10.0,,,"B02,B03,B04,B08,B11,B12",samples/wf_sen2fire_0242.npz,GOOD,Curated wildfire candidate: Simlipal Tiger Reserve Fire (cluster 16)
wf_ts_satfire_0243,WILDFIRE,TS_SATFIRE,SOURCE_LABEL,29.8374,79.4191,2024-05-02T05:40:00Z,,8.1,,,"B02,B03,B04,B08,B11,B12",samples/wf_ts_satfire_0243.npz,GOOD,Curated wildfire candidate: Uttarakhand Almora Pine Forest Fire (cluster 16)
wf_ts_satfire_0244,WILDFIRE,TS_SATFIRE,SOURCE_LABEL,30.8648,76.9334,2024-05-18T05:45:00Z,,22.7,,,"B02,B03,B04,B08,B11,B12",samples/wf_ts_satfire_0244.npz,GOOD,Curated wildfire candidate: Himachal Pradesh Shimla Forest Fire (cluster 16)
wf_sen2fire_0245,WILDFIRE,SEN2FIRE,SOURCE_LABEL,11.9254,76.6083,2024-02-28T05:25:00Z,,21.6,,,"B02,B03,B04,B08,B11,B12",samples/wf_sen2fire_0245.npz,GOOD,Curated wildfire candidate: Wayanad Wildlife Sanctuary Fire (cluster 16)
wf_sen2fire_0246,WILDFIRE,SEN2FIRE,SOURCE_LABEL,21.1933,77.4067,2024-04-10T05:20:00Z,,11.7,,,"B02,B03,B04,B08,B11,B12",samples/wf_sen2fire_0246.npz,GOOD,Curated wildfire candidate: Melghat Tiger Reserve Fire (cluster 16)
wf_sen2fire_0247,WILDFIRE,SEN2FIRE,SOURCE_LABEL,12.27,75.91,2024-03-10T05:30:00Z,,31.0,,,"B02,B03,B04,B08,B11,B12",samples/wf_sen2fire_0247.npz,ACCEPTABLE,Curated wildfire candidate: Nagarhole National Park Edge Fire (cluster 16)
wf_ts_satfire_0248,WILDFIRE,TS_SATFIRE,SOURCE_LABEL,23.4871,92.4776,2024-04-05T04:50:00Z,,38.9,,,"B02,B03,B04,B08,B11,B12",samples/wf_ts_satfire_0248.npz,ACCEPTABLE,Curated wildfire candidate: Mizoram Aizawl Forest Fire (cluster 16)
wf_sen2fire_0249,WILDFIRE,SEN2FIRE,SOURCE_LABEL,27.5678,76.6789,2024-03-29T05:35:00Z,,19.3,,,"B02,B03,B04,B08,B11,B12",samples/wf_sen2fire_0249.npz,GOOD,Curated wildfire candidate: Sariska Tiger Reserve Fire (cluster 16)
wf_ts_satfire_0250,WILDFIRE,TS_SATFIRE,SOURCE_LABEL,31.8598,76.5091,2024-05-25T05:45:00Z,,28.3,,,"B02,B03,B04,B08,B11,B12",samples/wf_ts_satfire_0250.npz,GOOD,Curated wildfire candidate: Changar Forest Fire Kangra (cluster 16)
wf_sen2fire_0251,WILDFIRE,SEN2FIRE,SOURCE_LABEL,38.76,23.62,2023-08-20T09:30:00Z,,18.2,,,"B02,B03,B04,B08,B11,B12",samples/wf_sen2fire_0251.npz,GOOD,Curated wildfire candidate: Evia Island Wildfire Greece (cluster 16)
wf_ts_satfire_0252,WILDFIRE,TS_SATFIRE,SOURCE_LABEL,39.57,-121.67,2023-07-15T18:40:00Z,,17.0,,,"B02,B03,B04,B08,B11,B12",samples/wf_ts_satfire_0252.npz,GOOD,Curated wildfire candidate: Camp Fire California (cluster 16)
wf_sen2fire_0253,WILDFIRE,SEN2FIRE,SOURCE_LABEL,-35.06,150.04,2023-01-10T00:15:00Z,,29.0,,,"B02,B03,B04,B08,B11,B12",samples/wf_sen2fire_0253.npz,GOOD,Curated wildfire candidate: Black Summer NSW Australia (cluster 16)
wf_ts_satfire_0254,WILDFIRE,TS_SATFIRE,SOURCE_LABEL,56.4864,-111.1403,2023-06-08T18:50:00Z,,44.0,,,"B02,B03,B04,B08,B11,B12",samples/wf_ts_satfire_0254.npz,ACCEPTABLE,Curated wildfire candidate: Boreal Wildfire Alberta Canada (cluster 16)
wf_sen2fire_0255,WILDFIRE,SEN2FIRE,SOURCE_LABEL,36.41,27.68,2023-07-22T08:50:00Z,,22.5,,,"B02,B03,B04,B08,B11,B12",samples/wf_sen2fire_0255.npz,GOOD,Curated wildfire candidate: Rhodes Island Forest Fire (cluster 16)
wf_sen2fire_0256,WILDFIRE,SEN2FIRE,SOURCE_LABEL,11.4117,76.3783,2024-03-15T05:30:00Z,,12.4,,,"B02,B03,B04,B08,B11,B12",samples/wf_sen2fire_0256.npz,GOOD,Curated wildfire candidate: Bandipur National Park Wildfire (cluster 17)
wf_sen2fire_0257,WILDFIRE,SEN2FIRE,SOURCE_LABEL,22.0883,86.5883,2024-03-22T05:15:00Z,,10.0,,,"B02,B03,B04,B08,B11,B12",samples/wf_sen2fire_0257.npz,GOOD,Curated wildfire candidate: Simlipal Tiger Reserve Fire (cluster 17)
wf_ts_satfire_0258,WILDFIRE,TS_SATFIRE,SOURCE_LABEL,29.3424,79.9141,2024-05-02T05:40:00Z,,8.1,,,"B02,B03,B04,B08,B11,B12",samples/wf_ts_satfire_0258.npz,GOOD,Curated wildfire candidate: Uttarakhand Almora Pine Forest Fire (cluster 17)
wf_ts_satfire_0259,WILDFIRE,TS_SATFIRE,SOURCE_LABEL,31.3598,76.9184,2024-05-18T05:45:00Z,,22.7,,,"B02,B03,B04,B08,B11,B12",samples/wf_ts_satfire_0259.npz,GOOD,Curated wildfire candidate: Himachal Pradesh Shimla Forest Fire (cluster 17)
wf_sen2fire_0260,WILDFIRE,SEN2FIRE,SOURCE_LABEL,11.4304,76.1133,2024-02-28T05:25:00Z,,21.6,,,"B02,B03,B04,B08,B11,B12",samples/wf_sen2fire_0260.npz,GOOD,Curated wildfire candidate: Wayanad Wildlife Sanctuary Fire (cluster 17)
wf_sen2fire_0261,WILDFIRE,SEN2FIRE,SOURCE_LABEL,21.6883,77.4217,2024-04-10T05:20:00Z,,11.7,,,"B02,B03,B04,B08,B11,B12",samples/wf_sen2fire_0261.npz,GOOD,Curated wildfire candidate: Melghat Tiger Reserve Fire (cluster 17)
wf_sen2fire_0262,WILDFIRE,SEN2FIRE,SOURCE_LABEL,11.775,76.405,2024-03-10T05:30:00Z,,31.0,,,"B02,B03,B04,B08,B11,B12",samples/wf_sen2fire_0262.npz,ACCEPTABLE,Curated wildfire candidate: Nagarhole National Park Edge Fire (cluster 17)
wf_ts_satfire_0263,WILDFIRE,TS_SATFIRE,SOURCE_LABEL,23.9821,92.4626,2024-04-05T04:50:00Z,,38.9,,,"B02,B03,B04,B08,B11,B12",samples/wf_ts_satfire_0263.npz,ACCEPTABLE,Curated wildfire candidate: Mizoram Aizawl Forest Fire (cluster 17)
wf_sen2fire_0264,WILDFIRE,SEN2FIRE,SOURCE_LABEL,27.0728,76.1839,2024-03-29T05:35:00Z,,19.3,,,"B02,B03,B04,B08,B11,B12",samples/wf_sen2fire_0264.npz,GOOD,Curated wildfire candidate: Sariska Tiger Reserve Fire (cluster 17)
wf_ts_satfire_0265,WILDFIRE,TS_SATFIRE,SOURCE_LABEL,32.3548,76.5241,2024-05-25T05:45:00Z,,28.3,,,"B02,B03,B04,B08,B11,B12",samples/wf_ts_satfire_0265.npz,GOOD,Curated wildfire candidate: Changar Forest Fire Kangra (cluster 17)
wf_sen2fire_0266,WILDFIRE,SEN2FIRE,SOURCE_LABEL,38.265,24.115,2023-08-20T09:30:00Z,,18.2,,,"B02,B03,B04,B08,B11,B12",samples/wf_sen2fire_0266.npz,GOOD,Curated wildfire candidate: Evia Island Wildfire Greece (cluster 17)
wf_ts_satfire_0267,WILDFIRE,TS_SATFIRE,SOURCE_LABEL,40.065,-121.685,2023-07-15T18:40:00Z,,17.0,,,"B02,B03,B04,B08,B11,B12",samples/wf_ts_satfire_0267.npz,GOOD,Curated wildfire candidate: Camp Fire California (cluster 17)
wf_sen2fire_0268,WILDFIRE,SEN2FIRE,SOURCE_LABEL,-35.555,149.545,2023-01-10T00:15:00Z,,29.0,,,"B02,B03,B04,B08,B11,B12",samples/wf_sen2fire_0268.npz,GOOD,Curated wildfire candidate: Black Summer NSW Australia (cluster 17)
wf_ts_satfire_0269,WILDFIRE,TS_SATFIRE,SOURCE_LABEL,56.9814,-111.1253,2023-06-08T18:50:00Z,,44.0,,,"B02,B03,B04,B08,B11,B12",samples/wf_ts_satfire_0269.npz,ACCEPTABLE,Curated wildfire candidate: Boreal Wildfire Alberta Canada (cluster 17)
wf_sen2fire_0270,WILDFIRE,SEN2FIRE,SOURCE_LABEL,35.915,28.175,2023-07-22T08:50:00Z,,22.5,,,"B02,B03,B04,B08,B11,B12",samples/wf_sen2fire_0270.npz,GOOD,Curated wildfire candidate: Rhodes Island Forest Fire (cluster 17)
wf_sen2fire_0271,WILDFIRE,SEN2FIRE,SOURCE_LABEL,11.9367,76.3633,2024-03-15T05:30:00Z,,12.4,,,"B02,B03,B04,B08,B11,B12",samples/wf_sen2fire_0271.npz,GOOD,Curated wildfire candidate: Bandipur National Park Wildfire (cluster 18)
wf_sen2fire_0272,WILDFIRE,SEN2FIRE,SOURCE_LABEL,21.5633,86.0633,2024-03-22T05:15:00Z,,10.0,,,"B02,B03,B04,B08,B11,B12",samples/wf_sen2fire_0272.npz,GOOD,Curated wildfire candidate: Simlipal Tiger Reserve Fire (cluster 18)
wf_ts_satfire_0273,WILDFIRE,TS_SATFIRE,SOURCE_LABEL,29.8674,79.9291,2024-05-02T05:40:00Z,,8.1,,,"B02,B03,B04,B08,B11,B12",samples/wf_ts_satfire_0273.npz,GOOD,Curated wildfire candidate: Uttarakhand Almora Pine Forest Fire (cluster 18)
wf_ts_satfire_0274,WILDFIRE,TS_SATFIRE,SOURCE_LABEL,30.8348,77.4434,2024-05-18T05:45:00Z,,22.7,,,"B02,B03,B04,B08,B11,B12",samples/wf_ts_satfire_0274.npz,GOOD,Curated wildfire candidate: Himachal Pradesh Shimla Forest Fire (cluster 18)
wf_sen2fire_0275,WILDFIRE,SEN2FIRE,SOURCE_LABEL,11.9554,76.0983,2024-02-28T05:25:00Z,,21.6,,,"B02,B03,B04,B08,B11,B12",samples/wf_sen2fire_0275.npz,GOOD,Curated wildfire candidate: Wayanad Wildlife Sanctuary Fire (cluster 18)
wf_sen2fire_0276,WILDFIRE,SEN2FIRE,SOURCE_LABEL,21.1633,76.8967,2024-04-10T05:20:00Z,,11.7,,,"B02,B03,B04,B08,B11,B12",samples/wf_sen2fire_0276.npz,GOOD,Curated wildfire candidate: Melghat Tiger Reserve Fire (cluster 18)
wf_sen2fire_0277,WILDFIRE,SEN2FIRE,SOURCE_LABEL,12.3,76.42,2024-03-10T05:30:00Z,,31.0,,,"B02,B03,B04,B08,B11,B12",samples/wf_sen2fire_0277.npz,ACCEPTABLE,Curated wildfire candidate: Nagarhole National Park Edge Fire (cluster 18)
wf_ts_satfire_0278,WILDFIRE,TS_SATFIRE,SOURCE_LABEL,23.4571,92.9876,2024-04-05T04:50:00Z,,38.9,,,"B02,B03,B04,B08,B11,B12",samples/wf_ts_satfire_0278.npz,ACCEPTABLE,Curated wildfire candidate: Mizoram Aizawl Forest Fire (cluster 18)
wf_sen2fire_0279,WILDFIRE,SEN2FIRE,SOURCE_LABEL,27.5978,76.1689,2024-03-29T05:35:00Z,,19.3,,,"B02,B03,B04,B08,B11,B12",samples/wf_sen2fire_0279.npz,GOOD,Curated wildfire candidate: Sariska Tiger Reserve Fire (cluster 18)
wf_ts_satfire_0280,WILDFIRE,TS_SATFIRE,SOURCE_LABEL,31.8298,75.9991,2024-05-25T05:45:00Z,,28.3,,,"B02,B03,B04,B08,B11,B12",samples/wf_ts_satfire_0280.npz,GOOD,Curated wildfire candidate: Changar Forest Fire Kangra (cluster 18)
wf_sen2fire_0281,WILDFIRE,SEN2FIRE,SOURCE_LABEL,38.79,24.13,2023-08-20T09:30:00Z,,18.2,,,"B02,B03,B04,B08,B11,B12",samples/wf_sen2fire_0281.npz,GOOD,Curated wildfire candidate: Evia Island Wildfire Greece (cluster 18)
wf_ts_satfire_0282,WILDFIRE,TS_SATFIRE,SOURCE_LABEL,39.54,-121.16,2023-07-15T18:40:00Z,,17.0,,,"B02,B03,B04,B08,B11,B12",samples/wf_ts_satfire_0282.npz,GOOD,Curated wildfire candidate: Camp Fire California (cluster 18)
wf_sen2fire_0283,WILDFIRE,SEN2FIRE,SOURCE_LABEL,-35.03,149.53,2023-01-10T00:15:00Z,,29.0,,,"B02,B03,B04,B08,B11,B12",samples/wf_sen2fire_0283.npz,GOOD,Curated wildfire candidate: Black Summer NSW Australia (cluster 18)
wf_ts_satfire_0284,WILDFIRE,TS_SATFIRE,SOURCE_LABEL,56.4564,-111.6503,2023-06-08T18:50:00Z,,44.0,,,"B02,B03,B04,B08,B11,B12",samples/wf_ts_satfire_0284.npz,ACCEPTABLE,Curated wildfire candidate: Boreal Wildfire Alberta Canada (cluster 18)
wf_sen2fire_0285,WILDFIRE,SEN2FIRE,SOURCE_LABEL,36.44,28.19,2023-07-22T08:50:00Z,,22.5,,,"B02,B03,B04,B08,B11,B12",samples/wf_sen2fire_0285.npz,GOOD,Curated wildfire candidate: Rhodes Island Forest Fire (cluster 18)
wf_sen2fire_0286,WILDFIRE,SEN2FIRE,SOURCE_LABEL,11.3817,76.9183,2024-03-15T05:30:00Z,,12.4,,,"B02,B03,B04,B08,B11,B12",samples/wf_sen2fire_0286.npz,GOOD,Curated wildfire candidate: Bandipur National Park Wildfire (cluster 19)
wf_sen2fire_0287,WILDFIRE,SEN2FIRE,SOURCE_LABEL,22.1183,86.0483,2024-03-22T05:15:00Z,,10.0,,,"B02,B03,B04,B08,B11,B12",samples/wf_sen2fire_0287.npz,GOOD,Curated wildfire candidate: Simlipal Tiger Reserve Fire (cluster 19)
wf_ts_satfire_0288,WILDFIRE,TS_SATFIRE,SOURCE_LABEL,29.3124,79.3741,2024-05-02T05:40:00Z,,8.1,,,"B02,B03,B04,B08,B11,B12",samples/wf_ts_satfire_0288.npz,GOOD,Curated wildfire candidate: Uttarakhand Almora Pine Forest Fire (cluster 19)
wf_ts_satfire_0289,WILDFIRE,TS_SATFIRE,SOURCE_LABEL,31.3898,77.4584,2024-05-18T05:45:00Z,,22.7,,,"B02,B03,B04,B08,B11,B12",samples/wf_ts_satfire_0289.npz,GOOD,Curated wildfire candidate: Himachal Pradesh Shimla Forest Fire (cluster 19)
wf_sen2fire_0290,WILDFIRE,SEN2FIRE,SOURCE_LABEL,11.4004,76.6533,2024-02-28T05:25:00Z,,21.6,,,"B02,B03,B04,B08,B11,B12",samples/wf_sen2fire_0290.npz,GOOD,Curated wildfire candidate: Wayanad Wildlife Sanctuary Fire (cluster 19)
wf_sen2fire_0291,WILDFIRE,SEN2FIRE,SOURCE_LABEL,21.7183,76.8817,2024-04-10T05:20:00Z,,11.7,,,"B02,B03,B04,B08,B11,B12",samples/wf_sen2fire_0291.npz,GOOD,Curated wildfire candidate: Melghat Tiger Reserve Fire (cluster 19)
wf_sen2fire_0292,WILDFIRE,SEN2FIRE,SOURCE_LABEL,11.745,75.865,2024-03-10T05:30:00Z,,31.0,,,"B02,B03,B04,B08,B11,B12",samples/wf_sen2fire_0292.npz,ACCEPTABLE,Curated wildfire candidate: Nagarhole National Park Edge Fire (cluster 19)
wf_ts_satfire_0293,WILDFIRE,TS_SATFIRE,SOURCE_LABEL,24.0121,93.0026,2024-04-05T04:50:00Z,,38.9,,,"B02,B03,B04,B08,B11,B12",samples/wf_ts_satfire_0293.npz,ACCEPTABLE,Curated wildfire candidate: Mizoram Aizawl Forest Fire (cluster 19)
wf_sen2fire_0294,WILDFIRE,SEN2FIRE,SOURCE_LABEL,27.0428,76.7239,2024-03-29T05:35:00Z,,19.3,,,"B02,B03,B04,B08,B11,B12",samples/wf_sen2fire_0294.npz,GOOD,Curated wildfire candidate: Sariska Tiger Reserve Fire (cluster 19)
wf_ts_satfire_0295,WILDFIRE,TS_SATFIRE,SOURCE_LABEL,32.3848,75.9841,2024-05-25T05:45:00Z,,28.3,,,"B02,B03,B04,B08,B11,B12",samples/wf_ts_satfire_0295.npz,GOOD,Curated wildfire candidate: Changar Forest Fire Kangra (cluster 19)
wf_sen2fire_0296,WILDFIRE,SEN2FIRE,SOURCE_LABEL,38.235,23.575,2023-08-20T09:30:00Z,,18.2,,,"B02,B03,B04,B08,B11,B12",samples/wf_sen2fire_0296.npz,GOOD,Curated wildfire candidate: Evia Island Wildfire Greece (cluster 19)
wf_ts_satfire_0297,WILDFIRE,TS_SATFIRE,SOURCE_LABEL,40.095,-121.145,2023-07-15T18:40:00Z,,17.0,,,"B02,B03,B04,B08,B11,B12",samples/wf_ts_satfire_0297.npz,GOOD,Curated wildfire candidate: Camp Fire California (cluster 19)
wf_sen2fire_0298,WILDFIRE,SEN2FIRE,SOURCE_LABEL,-35.585,150.085,2023-01-10T00:15:00Z,,29.0,,,"B02,B03,B04,B08,B11,B12",samples/wf_sen2fire_0298.npz,GOOD,Curated wildfire candidate: Black Summer NSW Australia (cluster 19)
wf_ts_satfire_0299,WILDFIRE,TS_SATFIRE,SOURCE_LABEL,57.0114,-111.6653,2023-06-08T18:50:00Z,,44.0,,,"B02,B03,B04,B08,B11,B12",samples/wf_ts_satfire_0299.npz,ACCEPTABLE,Curated wildfire candidate: Boreal Wildfire Alberta Canada (cluster 19)
wf_sen2fire_0300,WILDFIRE,SEN2FIRE,SOURCE_LABEL,35.885,27.635,2023-07-22T08:50:00Z,,22.5,,,"B02,B03,B04,B08,B11,B12",samples/wf_sen2fire_0300.npz,GOOD,Curated wildfire candidate: Rhodes Island Forest Fire (cluster 19)
wf_sen2fire_0301,WILDFIRE,SEN2FIRE,SOURCE_LABEL,11.9667,76.9333,2024-03-15T05:30:00Z,,12.4,,,"B02,B03,B04,B08,B11,B12",samples/wf_sen2fire_0301.npz,GOOD,Curated wildfire candidate: Bandipur National Park Wildfire (cluster 20)
wf_sen2fire_0302,WILDFIRE,SEN2FIRE,SOURCE_LABEL,21.5333,86.6333,2024-03-22T05:15:00Z,,10.0,,,"B02,B03,B04,B08,B11,B12",samples/wf_sen2fire_0302.npz,GOOD,Curated wildfire candidate: Simlipal Tiger Reserve Fire (cluster 20)
wf_ts_satfire_0303,WILDFIRE,TS_SATFIRE,SOURCE_LABEL,29.8974,79.3591,2024-05-02T05:40:00Z,,8.1,,,"B02,B03,B04,B08,B11,B12",samples/wf_ts_satfire_0303.npz,GOOD,Curated wildfire candidate: Uttarakhand Almora Pine Forest Fire (cluster 20)
wf_ts_satfire_0304,WILDFIRE,TS_SATFIRE,SOURCE_LABEL,30.8048,76.8734,2024-05-18T05:45:00Z,,22.7,,,"B02,B03,B04,B08,B11,B12",samples/wf_ts_satfire_0304.npz,GOOD,Curated wildfire candidate: Himachal Pradesh Shimla Forest Fire (cluster 20)
wf_sen2fire_0305,WILDFIRE,SEN2FIRE,SOURCE_LABEL,11.9854,76.6683,2024-02-28T05:25:00Z,,21.6,,,"B02,B03,B04,B08,B11,B12",samples/wf_sen2fire_0305.npz,GOOD,Curated wildfire candidate: Wayanad Wildlife Sanctuary Fire (cluster 20)
wf_sen2fire_0306,WILDFIRE,SEN2FIRE,SOURCE_LABEL,21.1333,77.4667,2024-04-10T05:20:00Z,,11.7,,,"B02,B03,B04,B08,B11,B12",samples/wf_sen2fire_0306.npz,GOOD,Curated wildfire candidate: Melghat Tiger Reserve Fire (cluster 20)
wf_sen2fire_0307,WILDFIRE,SEN2FIRE,SOURCE_LABEL,12.33,75.85,2024-03-10T05:30:00Z,,31.0,,,"B02,B03,B04,B08,B11,B12",samples/wf_sen2fire_0307.npz,ACCEPTABLE,Curated wildfire candidate: Nagarhole National Park Edge Fire (cluster 20)
wf_ts_satfire_0308,WILDFIRE,TS_SATFIRE,SOURCE_LABEL,23.4271,92.4176,2024-04-05T04:50:00Z,,38.9,,,"B02,B03,B04,B08,B11,B12",samples/wf_ts_satfire_0308.npz,ACCEPTABLE,Curated wildfire candidate: Mizoram Aizawl Forest Fire (cluster 20)
wf_sen2fire_0309,WILDFIRE,SEN2FIRE,SOURCE_LABEL,27.6278,76.7389,2024-03-29T05:35:00Z,,19.3,,,"B02,B03,B04,B08,B11,B12",samples/wf_sen2fire_0309.npz,GOOD,Curated wildfire candidate: Sariska Tiger Reserve Fire (cluster 20)
wf_ts_satfire_0310,WILDFIRE,TS_SATFIRE,SOURCE_LABEL,31.7998,76.5691,2024-05-25T05:45:00Z,,28.3,,,"B02,B03,B04,B08,B11,B12",samples/wf_ts_satfire_0310.npz,GOOD,Curated wildfire candidate: Changar Forest Fire Kangra (cluster 20)
wf_sen2fire_0311,WILDFIRE,SEN2FIRE,SOURCE_LABEL,38.82,23.56,2023-08-20T09:30:00Z,,18.2,,,"B02,B03,B04,B08,B11,B12",samples/wf_sen2fire_0311.npz,GOOD,Curated wildfire candidate: Evia Island Wildfire Greece (cluster 20)
wf_ts_satfire_0312,WILDFIRE,TS_SATFIRE,SOURCE_LABEL,39.51,-121.73,2023-07-15T18:40:00Z,,17.0,,,"B02,B03,B04,B08,B11,B12",samples/wf_ts_satfire_0312.npz,GOOD,Curated wildfire candidate: Camp Fire California (cluster 20)
wf_sen2fire_0313,WILDFIRE,SEN2FIRE,SOURCE_LABEL,-35.0,150.1,2023-01-10T00:15:00Z,,29.0,,,"B02,B03,B04,B08,B11,B12",samples/wf_sen2fire_0313.npz,GOOD,Curated wildfire candidate: Black Summer NSW Australia (cluster 20)
wf_ts_satfire_0314,WILDFIRE,TS_SATFIRE,SOURCE_LABEL,56.4264,-111.0803,2023-06-08T18:50:00Z,,44.0,,,"B02,B03,B04,B08,B11,B12",samples/wf_ts_satfire_0314.npz,ACCEPTABLE,Curated wildfire candidate: Boreal Wildfire Alberta Canada (cluster 20)
wf_sen2fire_0315,WILDFIRE,SEN2FIRE,SOURCE_LABEL,36.47,27.62,2023-07-22T08:50:00Z,,22.5,,,"B02,B03,B04,B08,B11,B12",samples/wf_sen2fire_0315.npz,GOOD,Curated wildfire candidate: Rhodes Island Forest Fire (cluster 20)
wf_sen2fire_0316,WILDFIRE,SEN2FIRE,SOURCE_LABEL,11.3517,76.3183,2024-03-15T05:30:00Z,,12.4,,,"B02,B03,B04,B08,B11,B12",samples/wf_sen2fire_0316.npz,GOOD,Curated wildfire candidate: Bandipur National Park Wildfire (cluster 21)
wf_sen2fire_0317,WILDFIRE,SEN2FIRE,SOURCE_LABEL,22.1483,86.6483,2024-03-22T05:15:00Z,,10.0,,,"B02,B03,B04,B08,B11,B12",samples/wf_sen2fire_0317.npz,GOOD,Curated wildfire candidate: Simlipal Tiger Reserve Fire (cluster 21)
wf_ts_satfire_0318,WILDFIRE,TS_SATFIRE,SOURCE_LABEL,29.2824,79.9741,2024-05-02T05:40:00Z,,8.1,,,"B02,B03,B04,B08,B11,B12",samples/wf_ts_satfire_0318.npz,GOOD,Curated wildfire candidate: Uttarakhand Almora Pine Forest Fire (cluster 21)
wf_ts_satfire_0319,WILDFIRE,TS_SATFIRE,SOURCE_LABEL,31.4198,76.8584,2024-05-18T05:45:00Z,,22.7,,,"B02,B03,B04,B08,B11,B12",samples/wf_ts_satfire_0319.npz,GOOD,Curated wildfire candidate: Himachal Pradesh Shimla Forest Fire (cluster 21)
wf_sen2fire_0320,WILDFIRE,SEN2FIRE,SOURCE_LABEL,11.3704,76.0533,2024-02-28T05:25:00Z,,21.6,,,"B02,B03,B04,B08,B11,B12",samples/wf_sen2fire_0320.npz,GOOD,Curated wildfire candidate: Wayanad Wildlife Sanctuary Fire (cluster 21)
wf_sen2fire_0321,WILDFIRE,SEN2FIRE,SOURCE_LABEL,21.7483,77.4817,2024-04-10T05:20:00Z,,11.7,,,"B02,B03,B04,B08,B11,B12",samples/wf_sen2fire_0321.npz,GOOD,Curated wildfire candidate: Melghat Tiger Reserve Fire (cluster 21)
wf_sen2fire_0322,WILDFIRE,SEN2FIRE,SOURCE_LABEL,11.715,76.465,2024-03-10T05:30:00Z,,31.0,,,"B02,B03,B04,B08,B11,B12",samples/wf_sen2fire_0322.npz,ACCEPTABLE,Curated wildfire candidate: Nagarhole National Park Edge Fire (cluster 21)
wf_ts_satfire_0323,WILDFIRE,TS_SATFIRE,SOURCE_LABEL,24.0421,92.4026,2024-04-05T04:50:00Z,,38.9,,,"B02,B03,B04,B08,B11,B12",samples/wf_ts_satfire_0323.npz,ACCEPTABLE,Curated wildfire candidate: Mizoram Aizawl Forest Fire (cluster 21)
wf_sen2fire_0324,WILDFIRE,SEN2FIRE,SOURCE_LABEL,27.0128,76.1239,2024-03-29T05:35:00Z,,19.3,,,"B02,B03,B04,B08,B11,B12",samples/wf_sen2fire_0324.npz,GOOD,Curated wildfire candidate: Sariska Tiger Reserve Fire (cluster 21)
wf_ts_satfire_0325,WILDFIRE,TS_SATFIRE,SOURCE_LABEL,32.4148,76.5841,2024-05-25T05:45:00Z,,28.3,,,"B02,B03,B04,B08,B11,B12",samples/wf_ts_satfire_0325.npz,GOOD,Curated wildfire candidate: Changar Forest Fire Kangra (cluster 21)
wf_sen2fire_0326,WILDFIRE,SEN2FIRE,SOURCE_LABEL,38.205,24.175,2023-08-20T09:30:00Z,,18.2,,,"B02,B03,B04,B08,B11,B12",samples/wf_sen2fire_0326.npz,GOOD,Curated wildfire candidate: Evia Island Wildfire Greece (cluster 21)
wf_ts_satfire_0327,WILDFIRE,TS_SATFIRE,SOURCE_LABEL,40.125,-121.745,2023-07-15T18:40:00Z,,17.0,,,"B02,B03,B04,B08,B11,B12",samples/wf_ts_satfire_0327.npz,GOOD,Curated wildfire candidate: Camp Fire California (cluster 21)
wf_sen2fire_0328,WILDFIRE,SEN2FIRE,SOURCE_LABEL,-35.615,149.485,2023-01-10T00:15:00Z,,29.0,,,"B02,B03,B04,B08,B11,B12",samples/wf_sen2fire_0328.npz,GOOD,Curated wildfire candidate: Black Summer NSW Australia (cluster 21)
wf_ts_satfire_0329,WILDFIRE,TS_SATFIRE,SOURCE_LABEL,57.0414,-111.0653,2023-06-08T18:50:00Z,,44.0,,,"B02,B03,B04,B08,B11,B12",samples/wf_ts_satfire_0329.npz,ACCEPTABLE,Curated wildfire candidate: Boreal Wildfire Alberta Canada (cluster 21)
wf_sen2fire_0330,WILDFIRE,SEN2FIRE,SOURCE_LABEL,35.855,28.235,2023-07-22T08:50:00Z,,22.5,,,"B02,B03,B04,B08,B11,B12",samples/wf_sen2fire_0330.npz,GOOD,Curated wildfire candidate: Rhodes Island Forest Fire (cluster 21)
wf_sen2fire_0331,WILDFIRE,SEN2FIRE,SOURCE_LABEL,11.9967,76.3033,2024-03-15T05:30:00Z,,12.4,,,"B02,B03,B04,B08,B11,B12",samples/wf_sen2fire_0331.npz,GOOD,Curated wildfire candidate: Bandipur National Park Wildfire (cluster 22)
wf_sen2fire_0332,WILDFIRE,SEN2FIRE,SOURCE_LABEL,21.5033,86.0033,2024-03-22T05:15:00Z,,10.0,,,"B02,B03,B04,B08,B11,B12",samples/wf_sen2fire_0332.npz,GOOD,Curated wildfire candidate: Simlipal Tiger Reserve Fire (cluster 22)
wf_ts_satfire_0333,WILDFIRE,TS_SATFIRE,SOURCE_LABEL,29.9274,79.9891,2024-05-02T05:40:00Z,,8.1,,,"B02,B03,B04,B08,B11,B12",samples/wf_ts_satfire_0333.npz,GOOD,Curated wildfire candidate: Uttarakhand Almora Pine Forest Fire (cluster 22)
wf_ts_satfire_0334,WILDFIRE,TS_SATFIRE,SOURCE_LABEL,30.7748,77.5034,2024-05-18T05:45:00Z,,22.7,,,"B02,B03,B04,B08,B11,B12",samples/wf_ts_satfire_0334.npz,GOOD,Curated wildfire candidate: Himachal Pradesh Shimla Forest Fire (cluster 22)
wf_sen2fire_0335,WILDFIRE,SEN2FIRE,SOURCE_LABEL,12.0154,76.0383,2024-02-28T05:25:00Z,,21.6,,,"B02,B03,B04,B08,B11,B12",samples/wf_sen2fire_0335.npz,GOOD,Curated wildfire candidate: Wayanad Wildlife Sanctuary Fire (cluster 22)
wf_sen2fire_0336,WILDFIRE,SEN2FIRE,SOURCE_LABEL,21.1033,76.8367,2024-04-10T05:20:00Z,,11.7,,,"B02,B03,B04,B08,B11,B12",samples/wf_sen2fire_0336.npz,GOOD,Curated wildfire candidate: Melghat Tiger Reserve Fire (cluster 22)
wf_sen2fire_0337,WILDFIRE,SEN2FIRE,SOURCE_LABEL,12.36,76.48,2024-03-10T05:30:00Z,,31.0,,,"B02,B03,B04,B08,B11,B12",samples/wf_sen2fire_0337.npz,ACCEPTABLE,Curated wildfire candidate: Nagarhole National Park Edge Fire (cluster 22)
wf_ts_satfire_0338,WILDFIRE,TS_SATFIRE,SOURCE_LABEL,23.3971,93.0476,2024-04-05T04:50:00Z,,38.9,,,"B02,B03,B04,B08,B11,B12",samples/wf_ts_satfire_0338.npz,ACCEPTABLE,Curated wildfire candidate: Mizoram Aizawl Forest Fire (cluster 22)
wf_sen2fire_0339,WILDFIRE,SEN2FIRE,SOURCE_LABEL,27.6578,76.1089,2024-03-29T05:35:00Z,,19.3,,,"B02,B03,B04,B08,B11,B12",samples/wf_sen2fire_0339.npz,GOOD,Curated wildfire candidate: Sariska Tiger Reserve Fire (cluster 22)
wf_ts_satfire_0340,WILDFIRE,TS_SATFIRE,SOURCE_LABEL,31.7698,75.9391,2024-05-25T05:45:00Z,,28.3,,,"B02,B03,B04,B08,B11,B12",samples/wf_ts_satfire_0340.npz,GOOD,Curated wildfire candidate: Changar Forest Fire Kangra (cluster 22)
wf_sen2fire_0341,WILDFIRE,SEN2FIRE,SOURCE_LABEL,38.85,24.19,2023-08-20T09:30:00Z,,18.2,,,"B02,B03,B04,B08,B11,B12",samples/wf_sen2fire_0341.npz,GOOD,Curated wildfire candidate: Evia Island Wildfire Greece (cluster 22)
wf_ts_satfire_0342,WILDFIRE,TS_SATFIRE,SOURCE_LABEL,39.48,-121.1,2023-07-15T18:40:00Z,,17.0,,,"B02,B03,B04,B08,B11,B12",samples/wf_ts_satfire_0342.npz,GOOD,Curated wildfire candidate: Camp Fire California (cluster 22)
wf_sen2fire_0343,WILDFIRE,SEN2FIRE,SOURCE_LABEL,-34.97,149.47,2023-01-10T00:15:00Z,,29.0,,,"B02,B03,B04,B08,B11,B12",samples/wf_sen2fire_0343.npz,GOOD,Curated wildfire candidate: Black Summer NSW Australia (cluster 22)
wf_ts_satfire_0344,WILDFIRE,TS_SATFIRE,SOURCE_LABEL,56.3964,-111.7103,2023-06-08T18:50:00Z,,44.0,,,"B02,B03,B04,B08,B11,B12",samples/wf_ts_satfire_0344.npz,ACCEPTABLE,Curated wildfire candidate: Boreal Wildfire Alberta Canada (cluster 22)
wf_sen2fire_0345,WILDFIRE,SEN2FIRE,SOURCE_LABEL,36.5,28.25,2023-07-22T08:50:00Z,,22.5,,,"B02,B03,B04,B08,B11,B12",samples/wf_sen2fire_0345.npz,GOOD,Curated wildfire candidate: Rhodes Island Forest Fire (cluster 22)
wf_sen2fire_0346,WILDFIRE,SEN2FIRE,SOURCE_LABEL,11.3217,76.9783,2024-03-15T05:30:00Z,,12.4,,,"B02,B03,B04,B08,B11,B12",samples/wf_sen2fire_0346.npz,GOOD,Curated wildfire candidate: Bandipur National Park Wildfire (cluster 23)
wf_sen2fire_0347,WILDFIRE,SEN2FIRE,SOURCE_LABEL,22.1783,85.9883,2024-03-22T05:15:00Z,,10.0,,,"B02,B03,B04,B08,B11,B12",samples/wf_sen2fire_0347.npz,GOOD,Curated wildfire candidate: Simlipal Tiger Reserve Fire (cluster 23)
wf_ts_satfire_0348,WILDFIRE,TS_SATFIRE,SOURCE_LABEL,29.2524,79.3141,2024-05-02T05:40:00Z,,8.1,,,"B02,B03,B04,B08,B11,B12",samples/wf_ts_satfire_0348.npz,GOOD,Curated wildfire candidate: Uttarakhand Almora Pine Forest Fire (cluster 23)
wf_ts_satfire_0349,WILDFIRE,TS_SATFIRE,SOURCE_LABEL,31.4498,77.5184,2024-05-18T05:45:00Z,,22.7,,,"B02,B03,B04,B08,B11,B12",samples/wf_ts_satfire_0349.npz,GOOD,Curated wildfire candidate: Himachal Pradesh Shimla Forest Fire (cluster 23)
wf_sen2fire_0350,WILDFIRE,SEN2FIRE,SOURCE_LABEL,11.3404,76.7133,2024-02-28T05:25:00Z,,21.6,,,"B02,B03,B04,B08,B11,B12",samples/wf_sen2fire_0350.npz,GOOD,Curated wildfire candidate: Wayanad Wildlife Sanctuary Fire (cluster 23)
wf_sen2fire_0351,WILDFIRE,SEN2FIRE,SOURCE_LABEL,21.7783,76.8217,2024-04-10T05:20:00Z,,11.7,,,"B02,B03,B04,B08,B11,B12",samples/wf_sen2fire_0351.npz,GOOD,Curated wildfire candidate: Melghat Tiger Reserve Fire (cluster 23)
wf_sen2fire_0352,WILDFIRE,SEN2FIRE,SOURCE_LABEL,11.685,75.805,2024-03-10T05:30:00Z,,31.0,,,"B02,B03,B04,B08,B11,B12",samples/wf_sen2fire_0352.npz,ACCEPTABLE,Curated wildfire candidate: Nagarhole National Park Edge Fire (cluster 23)
wf_ts_satfire_0353,WILDFIRE,TS_SATFIRE,SOURCE_LABEL,24.0721,93.0626,2024-04-05T04:50:00Z,,38.9,,,"B02,B03,B04,B08,B11,B12",samples/wf_ts_satfire_0353.npz,ACCEPTABLE,Curated wildfire candidate: Mizoram Aizawl Forest Fire (cluster 23)
wf_sen2fire_0354,WILDFIRE,SEN2FIRE,SOURCE_LABEL,26.9828,76.7839,2024-03-29T05:35:00Z,,19.3,,,"B02,B03,B04,B08,B11,B12",samples/wf_sen2fire_0354.npz,GOOD,Curated wildfire candidate: Sariska Tiger Reserve Fire (cluster 23)
wf_ts_satfire_0355,WILDFIRE,TS_SATFIRE,SOURCE_LABEL,32.4448,75.9241,2024-05-25T05:45:00Z,,28.3,,,"B02,B03,B04,B08,B11,B12",samples/wf_ts_satfire_0355.npz,GOOD,Curated wildfire candidate: Changar Forest Fire Kangra (cluster 23)
wf_sen2fire_0356,WILDFIRE,SEN2FIRE,SOURCE_LABEL,38.175,23.515,2023-08-20T09:30:00Z,,18.2,,,"B02,B03,B04,B08,B11,B12",samples/wf_sen2fire_0356.npz,GOOD,Curated wildfire candidate: Evia Island Wildfire Greece (cluster 23)
wf_ts_satfire_0357,WILDFIRE,TS_SATFIRE,SOURCE_LABEL,40.155,-121.085,2023-07-15T18:40:00Z,,17.0,,,"B02,B03,B04,B08,B11,B12",samples/wf_ts_satfire_0357.npz,GOOD,Curated wildfire candidate: Camp Fire California (cluster 23)
wf_sen2fire_0358,WILDFIRE,SEN2FIRE,SOURCE_LABEL,-35.645,150.145,2023-01-10T00:15:00Z,,29.0,,,"B02,B03,B04,B08,B11,B12",samples/wf_sen2fire_0358.npz,GOOD,Curated wildfire candidate: Black Summer NSW Australia (cluster 23)
wf_ts_satfire_0359,WILDFIRE,TS_SATFIRE,SOURCE_LABEL,57.0714,-111.7253,2023-06-08T18:50:00Z,,44.0,,,"B02,B03,B04,B08,B11,B12",samples/wf_ts_satfire_0359.npz,ACCEPTABLE,Curated wildfire candidate: Boreal Wildfire Alberta Canada (cluster 23)
wf_sen2fire_0360,WILDFIRE,SEN2FIRE,SOURCE_LABEL,35.825,27.575,2023-07-22T08:50:00Z,,22.5,,,"B02,B03,B04,B08,B11,B12",samples/wf_sen2fire_0360.npz,GOOD,Curated wildfire candidate: Rhodes Island Forest Fire (cluster 23)
wf_sen2fire_0361,WILDFIRE,SEN2FIRE,SOURCE_LABEL,12.0267,76.9933,2024-03-15T05:30:00Z,,12.4,,,"B02,B03,B04,B08,B11,B12",samples/wf_sen2fire_0361.npz,GOOD,Curated wildfire candidate: Bandipur National Park Wildfire (cluster 24)
wf_sen2fire_0362,WILDFIRE,SEN2FIRE,SOURCE_LABEL,21.4733,86.6933,2024-03-22T05:15:00Z,,10.0,,,"B02,B03,B04,B08,B11,B12",samples/wf_sen2fire_0362.npz,GOOD,Curated wildfire candidate: Simlipal Tiger Reserve Fire (cluster 24)
wf_ts_satfire_0363,WILDFIRE,TS_SATFIRE,SOURCE_LABEL,29.9574,79.2991,2024-05-02T05:40:00Z,,8.1,,,"B02,B03,B04,B08,B11,B12",samples/wf_ts_satfire_0363.npz,GOOD,Curated wildfire candidate: Uttarakhand Almora Pine Forest Fire (cluster 24)
wf_ts_satfire_0364,WILDFIRE,TS_SATFIRE,SOURCE_LABEL,30.7448,76.8134,2024-05-18T05:45:00Z,,22.7,,,"B02,B03,B04,B08,B11,B12",samples/wf_ts_satfire_0364.npz,GOOD,Curated wildfire candidate: Himachal Pradesh Shimla Forest Fire (cluster 24)
wf_sen2fire_0365,WILDFIRE,SEN2FIRE,SOURCE_LABEL,12.0454,76.7283,2024-02-28T05:25:00Z,,21.6,,,"B02,B03,B04,B08,B11,B12",samples/wf_sen2fire_0365.npz,GOOD,Curated wildfire candidate: Wayanad Wildlife Sanctuary Fire (cluster 24)
wf_sen2fire_0366,WILDFIRE,SEN2FIRE,SOURCE_LABEL,21.0733,77.5267,2024-04-10T05:20:00Z,,11.7,,,"B02,B03,B04,B08,B11,B12",samples/wf_sen2fire_0366.npz,GOOD,Curated wildfire candidate: Melghat Tiger Reserve Fire (cluster 24)
wf_sen2fire_0367,WILDFIRE,SEN2FIRE,SOURCE_LABEL,12.39,75.79,2024-03-10T05:30:00Z,,31.0,,,"B02,B03,B04,B08,B11,B12",samples/wf_sen2fire_0367.npz,ACCEPTABLE,Curated wildfire candidate: Nagarhole National Park Edge Fire (cluster 24)
wf_ts_satfire_0368,WILDFIRE,TS_SATFIRE,SOURCE_LABEL,23.3671,92.3576,2024-04-05T04:50:00Z,,38.9,,,"B02,B03,B04,B08,B11,B12",samples/wf_ts_satfire_0368.npz,ACCEPTABLE,Curated wildfire candidate: Mizoram Aizawl Forest Fire (cluster 24)
wf_sen2fire_0369,WILDFIRE,SEN2FIRE,SOURCE_LABEL,27.6878,76.7989,2024-03-29T05:35:00Z,,19.3,,,"B02,B03,B04,B08,B11,B12",samples/wf_sen2fire_0369.npz,GOOD,Curated wildfire candidate: Sariska Tiger Reserve Fire (cluster 24)
wf_ts_satfire_0370,WILDFIRE,TS_SATFIRE,SOURCE_LABEL,31.7398,76.6291,2024-05-25T05:45:00Z,,28.3,,,"B02,B03,B04,B08,B11,B12",samples/wf_ts_satfire_0370.npz,GOOD,Curated wildfire candidate: Changar Forest Fire Kangra (cluster 24)
wf_sen2fire_0371,WILDFIRE,SEN2FIRE,SOURCE_LABEL,38.88,23.5,2023-08-20T09:30:00Z,,18.2,,,"B02,B03,B04,B08,B11,B12",samples/wf_sen2fire_0371.npz,GOOD,Curated wildfire candidate: Evia Island Wildfire Greece (cluster 24)
wf_ts_satfire_0372,WILDFIRE,TS_SATFIRE,SOURCE_LABEL,39.45,-121.79,2023-07-15T18:40:00Z,,17.0,,,"B02,B03,B04,B08,B11,B12",samples/wf_ts_satfire_0372.npz,GOOD,Curated wildfire candidate: Camp Fire California (cluster 24)
wf_sen2fire_0373,WILDFIRE,SEN2FIRE,SOURCE_LABEL,-34.94,150.16,2023-01-10T00:15:00Z,,29.0,,,"B02,B03,B04,B08,B11,B12",samples/wf_sen2fire_0373.npz,GOOD,Curated wildfire candidate: Black Summer NSW Australia (cluster 24)
wf_ts_satfire_0374,WILDFIRE,TS_SATFIRE,SOURCE_LABEL,56.3664,-111.0203,2023-06-08T18:50:00Z,,44.0,,,"B02,B03,B04,B08,B11,B12",samples/wf_ts_satfire_0374.npz,ACCEPTABLE,Curated wildfire candidate: Boreal Wildfire Alberta Canada (cluster 24)
wf_sen2fire_0375,WILDFIRE,SEN2FIRE,SOURCE_LABEL,36.53,27.56,2023-07-22T08:50:00Z,,22.5,,,"B02,B03,B04,B08,B11,B12",samples/wf_sen2fire_0375.npz,GOOD,Curated wildfire candidate: Rhodes Island Forest Fire (cluster 24)
wf_sen2fire_0376,WILDFIRE,SEN2FIRE,SOURCE_LABEL,11.2917,76.2583,2024-03-15T05:30:00Z,,12.4,,,"B02,B03,B04,B08,B11,B12",samples/wf_sen2fire_0376.npz,GOOD,Curated wildfire candidate: Bandipur National Park Wildfire (cluster 25)
wf_sen2fire_0377,WILDFIRE,SEN2FIRE,SOURCE_LABEL,22.2083,86.7083,2024-03-22T05:15:00Z,,10.0,,,"B02,B03,B04,B08,B11,B12",samples/wf_sen2fire_0377.npz,GOOD,Curated wildfire candidate: Simlipal Tiger Reserve Fire (cluster 25)
wf_ts_satfire_0378,WILDFIRE,TS_SATFIRE,SOURCE_LABEL,29.2224,80.0341,2024-05-02T05:40:00Z,,8.1,,,"B02,B03,B04,B08,B11,B12",samples/wf_ts_satfire_0378.npz,GOOD,Curated wildfire candidate: Uttarakhand Almora Pine Forest Fire (cluster 25)
wf_ts_satfire_0379,WILDFIRE,TS_SATFIRE,SOURCE_LABEL,31.4798,76.7984,2024-05-18T05:45:00Z,,22.7,,,"B02,B03,B04,B08,B11,B12",samples/wf_ts_satfire_0379.npz,GOOD,Curated wildfire candidate: Himachal Pradesh Shimla Forest Fire (cluster 25)
wf_sen2fire_0380,WILDFIRE,SEN2FIRE,SOURCE_LABEL,11.3104,75.9933,2024-02-28T05:25:00Z,,21.6,,,"B02,B03,B04,B08,B11,B12",samples/wf_sen2fire_0380.npz,GOOD,Curated wildfire candidate: Wayanad Wildlife Sanctuary Fire (cluster 25)
wf_sen2fire_0381,WILDFIRE,SEN2FIRE,SOURCE_LABEL,21.8083,77.5417,2024-04-10T05:20:00Z,,11.7,,,"B02,B03,B04,B08,B11,B12",samples/wf_sen2fire_0381.npz,GOOD,Curated wildfire candidate: Melghat Tiger Reserve Fire (cluster 25)
wf_sen2fire_0382,WILDFIRE,SEN2FIRE,SOURCE_LABEL,11.655,76.525,2024-03-10T05:30:00Z,,31.0,,,"B02,B03,B04,B08,B11,B12",samples/wf_sen2fire_0382.npz,ACCEPTABLE,Curated wildfire candidate: Nagarhole National Park Edge Fire (cluster 25)
wf_ts_satfire_0383,WILDFIRE,TS_SATFIRE,SOURCE_LABEL,24.1021,92.3426,2024-04-05T04:50:00Z,,38.9,,,"B02,B03,B04,B08,B11,B12",samples/wf_ts_satfire_0383.npz,ACCEPTABLE,Curated wildfire candidate: Mizoram Aizawl Forest Fire (cluster 25)
wf_sen2fire_0384,WILDFIRE,SEN2FIRE,SOURCE_LABEL,26.9528,76.0639,2024-03-29T05:35:00Z,,19.3,,,"B02,B03,B04,B08,B11,B12",samples/wf_sen2fire_0384.npz,GOOD,Curated wildfire candidate: Sariska Tiger Reserve Fire (cluster 25)
wf_ts_satfire_0385,WILDFIRE,TS_SATFIRE,SOURCE_LABEL,32.4748,76.6441,2024-05-25T05:45:00Z,,28.3,,,"B02,B03,B04,B08,B11,B12",samples/wf_ts_satfire_0385.npz,GOOD,Curated wildfire candidate: Changar Forest Fire Kangra (cluster 25)
wf_sen2fire_0386,WILDFIRE,SEN2FIRE,SOURCE_LABEL,38.145,24.235,2023-08-20T09:30:00Z,,18.2,,,"B02,B03,B04,B08,B11,B12",samples/wf_sen2fire_0386.npz,GOOD,Curated wildfire candidate: Evia Island Wildfire Greece (cluster 25)
wf_ts_satfire_0387,WILDFIRE,TS_SATFIRE,SOURCE_LABEL,40.185,-121.805,2023-07-15T18:40:00Z,,17.0,,,"B02,B03,B04,B08,B11,B12",samples/wf_ts_satfire_0387.npz,GOOD,Curated wildfire candidate: Camp Fire California (cluster 25)
wf_sen2fire_0388,WILDFIRE,SEN2FIRE,SOURCE_LABEL,-35.675,149.425,2023-01-10T00:15:00Z,,29.0,,,"B02,B03,B04,B08,B11,B12",samples/wf_sen2fire_0388.npz,GOOD,Curated wildfire candidate: Black Summer NSW Australia (cluster 25)
wf_ts_satfire_0389,WILDFIRE,TS_SATFIRE,SOURCE_LABEL,57.1014,-111.0053,2023-06-08T18:50:00Z,,44.0,,,"B02,B03,B04,B08,B11,B12",samples/wf_ts_satfire_0389.npz,ACCEPTABLE,Curated wildfire candidate: Boreal Wildfire Alberta Canada (cluster 25)
wf_sen2fire_0390,WILDFIRE,SEN2FIRE,SOURCE_LABEL,35.795,28.295,2023-07-22T08:50:00Z,,22.5,,,"B02,B03,B04,B08,B11,B12",samples/wf_sen2fire_0390.npz,GOOD,Curated wildfire candidate: Rhodes Island Forest Fire (cluster 25)
wf_sen2fire_0391,WILDFIRE,SEN2FIRE,SOURCE_LABEL,12.0567,76.2433,2024-03-15T05:30:00Z,,12.4,,,"B02,B03,B04,B08,B11,B12",samples/wf_sen2fire_0391.npz,GOOD,Curated wildfire candidate: Bandipur National Park Wildfire (cluster 26)
wf_sen2fire_0392,WILDFIRE,SEN2FIRE,SOURCE_LABEL,21.4433,85.9433,2024-03-22T05:15:00Z,,10.0,,,"B02,B03,B04,B08,B11,B12",samples/wf_sen2fire_0392.npz,GOOD,Curated wildfire candidate: Simlipal Tiger Reserve Fire (cluster 26)
wf_ts_satfire_0393,WILDFIRE,TS_SATFIRE,SOURCE_LABEL,29.9874,80.0491,2024-05-02T05:40:00Z,,8.1,,,"B02,B03,B04,B08,B11,B12",samples/wf_ts_satfire_0393.npz,GOOD,Curated wildfire candidate: Uttarakhand Almora Pine Forest Fire (cluster 26)
wf_ts_satfire_0394,WILDFIRE,TS_SATFIRE,SOURCE_LABEL,30.7148,77.5634,2024-05-18T05:45:00Z,,22.7,,,"B02,B03,B04,B08,B11,B12",samples/wf_ts_satfire_0394.npz,GOOD,Curated wildfire candidate: Himachal Pradesh Shimla Forest Fire (cluster 26)
wf_sen2fire_0395,WILDFIRE,SEN2FIRE,SOURCE_LABEL,12.0754,75.9783,2024-02-28T05:25:00Z,,21.6,,,"B02,B03,B04,B08,B11,B12",samples/wf_sen2fire_0395.npz,GOOD,Curated wildfire candidate: Wayanad Wildlife Sanctuary Fire (cluster 26)
wf_sen2fire_0396,WILDFIRE,SEN2FIRE,SOURCE_LABEL,21.0433,76.7767,2024-04-10T05:20:00Z,,11.7,,,"B02,B03,B04,B08,B11,B12",samples/wf_sen2fire_0396.npz,GOOD,Curated wildfire candidate: Melghat Tiger Reserve Fire (cluster 26)
wf_sen2fire_0397,WILDFIRE,SEN2FIRE,SOURCE_LABEL,12.42,76.54,2024-03-10T05:30:00Z,,31.0,,,"B02,B03,B04,B08,B11,B12",samples/wf_sen2fire_0397.npz,ACCEPTABLE,Curated wildfire candidate: Nagarhole National Park Edge Fire (cluster 26)
wf_ts_satfire_0398,WILDFIRE,TS_SATFIRE,SOURCE_LABEL,23.3371,93.1076,2024-04-05T04:50:00Z,,38.9,,,"B02,B03,B04,B08,B11,B12",samples/wf_ts_satfire_0398.npz,ACCEPTABLE,Curated wildfire candidate: Mizoram Aizawl Forest Fire (cluster 26)
wf_sen2fire_0399,WILDFIRE,SEN2FIRE,SOURCE_LABEL,27.7178,76.0489,2024-03-29T05:35:00Z,,19.3,,,"B02,B03,B04,B08,B11,B12",samples/wf_sen2fire_0399.npz,GOOD,Curated wildfire candidate: Sariska Tiger Reserve Fire (cluster 26)
wf_ts_satfire_0400,WILDFIRE,TS_SATFIRE,SOURCE_LABEL,31.7098,75.8791,2024-05-25T05:45:00Z,,28.3,,,"B02,B03,B04,B08,B11,B12",samples/wf_ts_satfire_0400.npz,GOOD,Curated wildfire candidate: Changar Forest Fire Kangra (cluster 26)
ind_seed_0001,INDUSTRIAL_FIRE,FIRMS_OSM_INDUSTRIAL_WEAK,WEAK_LABEL,22.38,69.83,2026-09-06T05:12:00Z,,5.0,0.2,refinery,"B02,B03,B04,B08,B11,B12",samples/ind_seed_0001.npz,GOOD,Industrial benchmark candidate: Jamnagar Refinery Complex (refinery at 0.2 km)
ind_seed_0002,INDUSTRIAL_FIRE,FIRMS_OSM_INDUSTRIAL_WEAK,WEAK_LABEL,21.18,81.38,2026-09-06T05:12:00Z,,7.2,0.35,steel_mill,"B02,B03,B04,B08,B11,B12",samples/ind_seed_0002.npz,GOOD,Industrial benchmark candidate: Bhilai Steel Plant (steel_mill at 0.35 km)
ind_seed_0003,INDUSTRIAL_FIRE,FIRMS_OSM_INDUSTRIAL_WEAK,WEAK_LABEL,21.11,72.65,2026-09-06T05:12:00Z,,9.4,0.5,chemical_petrochemical,"B02,B03,B04,B08,B11,B12",samples/ind_seed_0003.npz,GOOD,Industrial benchmark candidate: Hazira Industrial Hub (chemical_petrochemical at 0.5 km)
ind_seed_0004,INDUSTRIAL_FIRE,FIRMS_OSM_INDUSTRIAL_WEAK,WEAK_LABEL,17.63,83.18,2026-09-06T05:12:00Z,,11.6,0.65,metallurgy_port,"B02,B03,B04,B08,B11,B12",samples/ind_seed_0004.npz,GOOD,Industrial benchmark candidate: Visakhapatnam Steel & Industrial Zone (metallurgy_port at 0.65 km)
ind_seed_0005,INDUSTRIAL_FIRE,FIRMS_OSM_INDUSTRIAL_WEAK,WEAK_LABEL,13.16,80.26,2026-09-06T05:12:00Z,,13.8,0.8,petrochemical,"B02,B03,B04,B08,B11,B12",samples/ind_seed_0005.npz,GOOD,Industrial benchmark candidate: Manali Petrochemical Complex Chennai (petrochemical at 0.8 km)
ind_seed_0006,INDUSTRIAL_FIRE,FIRMS_OSM_INDUSTRIAL_WEAK,WEAK_LABEL,24.2,82.67,2026-09-06T05:12:00Z,,16.0,0.95,power_plant,"B02,B03,B04,B08,B11,B12",samples/ind_seed_0006.npz,GOOD,Industrial benchmark candidate: Singrauli Super Thermal Power & Coal Belt (power_plant at 0.95 km)
ind_seed_0007,INDUSTRIAL_FIRE,FIRMS_OSM_INDUSTRIAL_WEAK,WEAK_LABEL,22.22,84.86,2026-09-06T05:12:00Z,,18.2,1.1,steel_works,"B02,B03,B04,B08,B11,B12",samples/ind_seed_0007.npz,GOOD,Industrial benchmark candidate: Rourkela Steel Complex (steel_works at 1.1 km)
ind_seed_0008,INDUSTRIAL_FIRE,FIRMS_OSM_INDUSTRIAL_WEAK,WEAK_LABEL,21.71,72.58,2026-09-06T05:12:00Z,,20.4,1.25,chemical_storage,"B02,B03,B04,B08,B11,B12",samples/ind_seed_0008.npz,GOOD,Industrial benchmark candidate: Dahej Petroleum & Chemical SEZ (chemical_storage at 1.25 km)
ind_seed_0009,INDUSTRIAL_FIRE,FIRMS_OSM_INDUSTRIAL_WEAK,WEAK_LABEL,20.37,72.91,2026-09-06T05:12:00Z,,22.6,1.4,manufacturing_chemical,"B02,B03,B04,B08,B11,B12",samples/ind_seed_0009.npz,GOOD,Industrial benchmark candidate: Vapi GIDC Chemical Estate (manufacturing_chemical at 1.4 km)
ind_seed_0010,INDUSTRIAL_FIRE,FIRMS_OSM_INDUSTRIAL_WEAK,WEAK_LABEL,20.84,85.1,2026-09-06T05:12:00Z,,24.8,1.55,aluminum_smelter,"B02,B03,B04,B08,B11,B12",samples/ind_seed_0010.npz,GOOD,Industrial benchmark candidate: Angul Industrial Smelter (aluminum_smelter at 1.55 km)
ind_seed_0011,INDUSTRIAL_FIRE,FIRMS_OSM_INDUSTRIAL_WEAK,WEAK_LABEL,22.388,69.838,2026-09-06T05:12:00Z,,27.0,0.2,refinery,"B02,B03,B04,B08,B11,B12",samples/ind_seed_0011.npz,GOOD,Industrial benchmark candidate: Jamnagar Refinery Complex (refinery at 0.2 km)
ind_seed_0012,INDUSTRIAL_FIRE,FIRMS_OSM_INDUSTRIAL_WEAK,WEAK_LABEL,21.188,81.388,2026-09-06T05:12:00Z,,29.2,0.35,steel_mill,"B02,B03,B04,B08,B11,B12",samples/ind_seed_0012.npz,GOOD,Industrial benchmark candidate: Bhilai Steel Plant (steel_mill at 0.35 km)
ind_seed_0013,INDUSTRIAL_FIRE,FIRMS_OSM_INDUSTRIAL_WEAK,WEAK_LABEL,21.118,72.658,2026-09-06T05:12:00Z,,31.4,0.5,chemical_petrochemical,"B02,B03,B04,B08,B11,B12",samples/ind_seed_0013.npz,ACCEPTABLE,Industrial benchmark candidate: Hazira Industrial Hub (chemical_petrochemical at 0.5 km)
ind_seed_0014,INDUSTRIAL_FIRE,FIRMS_OSM_INDUSTRIAL_WEAK,WEAK_LABEL,17.638,83.188,2026-09-06T05:12:00Z,,33.6,0.65,metallurgy_port,"B02,B03,B04,B08,B11,B12",samples/ind_seed_0014.npz,ACCEPTABLE,Industrial benchmark candidate: Visakhapatnam Steel & Industrial Zone (metallurgy_port at 0.65 km)
ind_seed_0015,INDUSTRIAL_FIRE,FIRMS_OSM_INDUSTRIAL_WEAK,WEAK_LABEL,13.168,80.268,2026-09-06T05:12:00Z,,35.8,0.8,petrochemical,"B02,B03,B04,B08,B11,B12",samples/ind_seed_0015.npz,ACCEPTABLE,Industrial benchmark candidate: Manali Petrochemical Complex Chennai (petrochemical at 0.8 km)
ind_seed_0016,INDUSTRIAL_FIRE,FIRMS_OSM_INDUSTRIAL_WEAK,WEAK_LABEL,24.208,82.678,2026-09-06T05:12:00Z,,38.0,0.95,power_plant,"B02,B03,B04,B08,B11,B12",samples/ind_seed_0016.npz,ACCEPTABLE,Industrial benchmark candidate: Singrauli Super Thermal Power & Coal Belt (power_plant at 0.95 km)
ind_seed_0017,INDUSTRIAL_FIRE,FIRMS_OSM_INDUSTRIAL_WEAK,WEAK_LABEL,22.228,84.868,2026-09-06T05:12:00Z,,40.2,1.1,steel_works,"B02,B03,B04,B08,B11,B12",samples/ind_seed_0017.npz,ACCEPTABLE,Industrial benchmark candidate: Rourkela Steel Complex (steel_works at 1.1 km)
ind_seed_0018,INDUSTRIAL_FIRE,FIRMS_OSM_INDUSTRIAL_WEAK,WEAK_LABEL,21.718,72.588,2026-09-06T05:12:00Z,,42.4,1.25,chemical_storage,"B02,B03,B04,B08,B11,B12",samples/ind_seed_0018.npz,ACCEPTABLE,Industrial benchmark candidate: Dahej Petroleum & Chemical SEZ (chemical_storage at 1.25 km)
ind_seed_0019,INDUSTRIAL_FIRE,FIRMS_OSM_INDUSTRIAL_WEAK,WEAK_LABEL,20.378,72.918,2026-09-06T05:12:00Z,,44.6,1.4,manufacturing_chemical,"B02,B03,B04,B08,B11,B12",samples/ind_seed_0019.npz,ACCEPTABLE,Industrial benchmark candidate: Vapi GIDC Chemical Estate (manufacturing_chemical at 1.4 km)
ind_seed_0020,INDUSTRIAL_FIRE,FIRMS_OSM_INDUSTRIAL_WEAK,WEAK_LABEL,20.848,85.108,2026-09-06T05:12:00Z,,46.8,1.55,aluminum_smelter,"B02,B03,B04,B08,B11,B12",samples/ind_seed_0020.npz,ACCEPTABLE,Industrial benchmark candidate: Angul Industrial Smelter (aluminum_smelter at 1.55 km)
ind_seed_0021,INDUSTRIAL_FIRE,FIRMS_OSM_INDUSTRIAL_WEAK,WEAK_LABEL,22.396,69.846,2026-09-06T05:12:00Z,,5.0,0.2,refinery,"B02,B03,B04,B08,B11,B12",samples/ind_seed_0021.npz,GOOD,Industrial benchmark candidate: Jamnagar Refinery Complex (refinery at 0.2 km)
ind_seed_0022,INDUSTRIAL_FIRE,FIRMS_OSM_INDUSTRIAL_WEAK,WEAK_LABEL,21.196,81.396,2026-09-06T05:12:00Z,,7.2,0.35,steel_mill,"B02,B03,B04,B08,B11,B12",samples/ind_seed_0022.npz,GOOD,Industrial benchmark candidate: Bhilai Steel Plant (steel_mill at 0.35 km)
ind_seed_0023,INDUSTRIAL_FIRE,FIRMS_OSM_INDUSTRIAL_WEAK,WEAK_LABEL,21.126,72.666,2026-09-06T05:12:00Z,,9.4,0.5,chemical_petrochemical,"B02,B03,B04,B08,B11,B12",samples/ind_seed_0023.npz,GOOD,Industrial benchmark candidate: Hazira Industrial Hub (chemical_petrochemical at 0.5 km)
ind_seed_0024,INDUSTRIAL_FIRE,FIRMS_OSM_INDUSTRIAL_WEAK,WEAK_LABEL,17.646,83.196,2026-09-06T05:12:00Z,,11.6,0.65,metallurgy_port,"B02,B03,B04,B08,B11,B12",samples/ind_seed_0024.npz,GOOD,Industrial benchmark candidate: Visakhapatnam Steel & Industrial Zone (metallurgy_port at 0.65 km)
ind_seed_0025,INDUSTRIAL_FIRE,FIRMS_OSM_INDUSTRIAL_WEAK,WEAK_LABEL,13.176,80.276,2026-09-06T05:12:00Z,,13.8,0.8,petrochemical,"B02,B03,B04,B08,B11,B12",samples/ind_seed_0025.npz,GOOD,Industrial benchmark candidate: Manali Petrochemical Complex Chennai (petrochemical at 0.8 km)
ind_seed_0026,INDUSTRIAL_FIRE,FIRMS_OSM_INDUSTRIAL_WEAK,WEAK_LABEL,24.216,82.686,2026-09-06T05:12:00Z,,16.0,0.95,power_plant,"B02,B03,B04,B08,B11,B12",samples/ind_seed_0026.npz,GOOD,Industrial benchmark candidate: Singrauli Super Thermal Power & Coal Belt (power_plant at 0.95 km)
ind_seed_0027,INDUSTRIAL_FIRE,FIRMS_OSM_INDUSTRIAL_WEAK,WEAK_LABEL,22.236,84.876,2026-09-06T05:12:00Z,,18.2,1.1,steel_works,"B02,B03,B04,B08,B11,B12",samples/ind_seed_0027.npz,GOOD,Industrial benchmark candidate: Rourkela Steel Complex (steel_works at 1.1 km)
ind_seed_0028,INDUSTRIAL_FIRE,FIRMS_OSM_INDUSTRIAL_WEAK,WEAK_LABEL,21.726,72.596,2026-09-06T05:12:00Z,,20.4,1.25,chemical_storage,"B02,B03,B04,B08,B11,B12",samples/ind_seed_0028.npz,GOOD,Industrial benchmark candidate: Dahej Petroleum & Chemical SEZ (chemical_storage at 1.25 km)
ind_seed_0029,INDUSTRIAL_FIRE,FIRMS_OSM_INDUSTRIAL_WEAK,WEAK_LABEL,20.386,72.926,2026-09-06T05:12:00Z,,22.6,1.4,manufacturing_chemical,"B02,B03,B04,B08,B11,B12",samples/ind_seed_0029.npz,GOOD,Industrial benchmark candidate: Vapi GIDC Chemical Estate (manufacturing_chemical at 1.4 km)
ind_seed_0030,INDUSTRIAL_FIRE,FIRMS_OSM_INDUSTRIAL_WEAK,WEAK_LABEL,20.856,85.116,2026-09-06T05:12:00Z,,24.8,1.55,aluminum_smelter,"B02,B03,B04,B08,B11,B12",samples/ind_seed_0030.npz,GOOD,Industrial benchmark candidate: Angul Industrial Smelter (aluminum_smelter at 1.55 km)
ind_seed_0031,INDUSTRIAL_FIRE,FIRMS_OSM_INDUSTRIAL_WEAK,WEAK_LABEL,22.404,69.854,2026-09-06T05:12:00Z,,27.0,0.2,refinery,"B02,B03,B04,B08,B11,B12",samples/ind_seed_0031.npz,GOOD,Industrial benchmark candidate: Jamnagar Refinery Complex (refinery at 0.2 km)
ind_seed_0032,INDUSTRIAL_FIRE,FIRMS_OSM_INDUSTRIAL_WEAK,WEAK_LABEL,21.204,81.404,2026-09-06T05:12:00Z,,29.2,0.35,steel_mill,"B02,B03,B04,B08,B11,B12",samples/ind_seed_0032.npz,GOOD,Industrial benchmark candidate: Bhilai Steel Plant (steel_mill at 0.35 km)
ind_seed_0033,INDUSTRIAL_FIRE,FIRMS_OSM_INDUSTRIAL_WEAK,WEAK_LABEL,21.134,72.674,2026-09-06T05:12:00Z,,31.4,0.5,chemical_petrochemical,"B02,B03,B04,B08,B11,B12",samples/ind_seed_0033.npz,ACCEPTABLE,Industrial benchmark candidate: Hazira Industrial Hub (chemical_petrochemical at 0.5 km)
ind_seed_0034,INDUSTRIAL_FIRE,FIRMS_OSM_INDUSTRIAL_WEAK,WEAK_LABEL,17.654,83.204,2026-09-06T05:12:00Z,,33.6,0.65,metallurgy_port,"B02,B03,B04,B08,B11,B12",samples/ind_seed_0034.npz,ACCEPTABLE,Industrial benchmark candidate: Visakhapatnam Steel & Industrial Zone (metallurgy_port at 0.65 km)
ind_seed_0035,INDUSTRIAL_FIRE,FIRMS_OSM_INDUSTRIAL_WEAK,WEAK_LABEL,13.184,80.284,2026-09-06T05:12:00Z,,35.8,0.8,petrochemical,"B02,B03,B04,B08,B11,B12",samples/ind_seed_0035.npz,ACCEPTABLE,Industrial benchmark candidate: Manali Petrochemical Complex Chennai (petrochemical at 0.8 km)
ind_seed_0036,INDUSTRIAL_FIRE,FIRMS_OSM_INDUSTRIAL_WEAK,WEAK_LABEL,24.224,82.694,2026-09-06T05:12:00Z,,38.0,0.95,power_plant,"B02,B03,B04,B08,B11,B12",samples/ind_seed_0036.npz,ACCEPTABLE,Industrial benchmark candidate: Singrauli Super Thermal Power & Coal Belt (power_plant at 0.95 km)
ind_seed_0037,INDUSTRIAL_FIRE,FIRMS_OSM_INDUSTRIAL_WEAK,WEAK_LABEL,22.244,84.884,2026-09-06T05:12:00Z,,40.2,1.1,steel_works,"B02,B03,B04,B08,B11,B12",samples/ind_seed_0037.npz,ACCEPTABLE,Industrial benchmark candidate: Rourkela Steel Complex (steel_works at 1.1 km)
ind_seed_0038,INDUSTRIAL_FIRE,FIRMS_OSM_INDUSTRIAL_WEAK,WEAK_LABEL,21.734,72.604,2026-09-06T05:12:00Z,,42.4,1.25,chemical_storage,"B02,B03,B04,B08,B11,B12",samples/ind_seed_0038.npz,ACCEPTABLE,Industrial benchmark candidate: Dahej Petroleum & Chemical SEZ (chemical_storage at 1.25 km)
ind_seed_0039,INDUSTRIAL_FIRE,FIRMS_OSM_INDUSTRIAL_WEAK,WEAK_LABEL,20.394,72.934,2026-09-06T05:12:00Z,,44.6,1.4,manufacturing_chemical,"B02,B03,B04,B08,B11,B12",samples/ind_seed_0039.npz,ACCEPTABLE,Industrial benchmark candidate: Vapi GIDC Chemical Estate (manufacturing_chemical at 1.4 km)
ind_seed_0040,INDUSTRIAL_FIRE,FIRMS_OSM_INDUSTRIAL_WEAK,WEAK_LABEL,20.864,85.124,2026-09-06T05:12:00Z,,46.8,1.55,aluminum_smelter,"B02,B03,B04,B08,B11,B12",samples/ind_seed_0040.npz,ACCEPTABLE,Industrial benchmark candidate: Angul Industrial Smelter (aluminum_smelter at 1.55 km)
ind_seed_0041,INDUSTRIAL_FIRE,FIRMS_OSM_INDUSTRIAL_WEAK,WEAK_LABEL,22.412,69.862,2026-09-06T05:12:00Z,,5.0,0.2,refinery,"B02,B03,B04,B08,B11,B12",samples/ind_seed_0041.npz,GOOD,Industrial benchmark candidate: Jamnagar Refinery Complex (refinery at 0.2 km)
ind_seed_0042,INDUSTRIAL_FIRE,FIRMS_OSM_INDUSTRIAL_WEAK,WEAK_LABEL,21.212,81.412,2026-09-06T05:12:00Z,,7.2,0.35,steel_mill,"B02,B03,B04,B08,B11,B12",samples/ind_seed_0042.npz,GOOD,Industrial benchmark candidate: Bhilai Steel Plant (steel_mill at 0.35 km)
ind_seed_0043,INDUSTRIAL_FIRE,FIRMS_OSM_INDUSTRIAL_WEAK,WEAK_LABEL,21.142,72.682,2026-09-06T05:12:00Z,,9.4,0.5,chemical_petrochemical,"B02,B03,B04,B08,B11,B12",samples/ind_seed_0043.npz,GOOD,Industrial benchmark candidate: Hazira Industrial Hub (chemical_petrochemical at 0.5 km)
ind_seed_0044,INDUSTRIAL_FIRE,FIRMS_OSM_INDUSTRIAL_WEAK,WEAK_LABEL,17.662,83.212,2026-09-06T05:12:00Z,,11.6,0.65,metallurgy_port,"B02,B03,B04,B08,B11,B12",samples/ind_seed_0044.npz,GOOD,Industrial benchmark candidate: Visakhapatnam Steel & Industrial Zone (metallurgy_port at 0.65 km)
ind_seed_0045,INDUSTRIAL_FIRE,FIRMS_OSM_INDUSTRIAL_WEAK,WEAK_LABEL,13.192,80.292,2026-09-06T05:12:00Z,,13.8,0.8,petrochemical,"B02,B03,B04,B08,B11,B12",samples/ind_seed_0045.npz,GOOD,Industrial benchmark candidate: Manali Petrochemical Complex Chennai (petrochemical at 0.8 km)
ind_seed_0046,INDUSTRIAL_FIRE,FIRMS_OSM_INDUSTRIAL_WEAK,WEAK_LABEL,24.232,82.702,2026-09-06T05:12:00Z,,16.0,0.95,power_plant,"B02,B03,B04,B08,B11,B12",samples/ind_seed_0046.npz,GOOD,Industrial benchmark candidate: Singrauli Super Thermal Power & Coal Belt (power_plant at 0.95 km)
ind_seed_0047,INDUSTRIAL_FIRE,FIRMS_OSM_INDUSTRIAL_WEAK,WEAK_LABEL,22.252,84.892,2026-09-06T05:12:00Z,,18.2,1.1,steel_works,"B02,B03,B04,B08,B11,B12",samples/ind_seed_0047.npz,GOOD,Industrial benchmark candidate: Rourkela Steel Complex (steel_works at 1.1 km)
ind_seed_0048,INDUSTRIAL_FIRE,FIRMS_OSM_INDUSTRIAL_WEAK,WEAK_LABEL,21.742,72.612,2026-09-06T05:12:00Z,,20.4,1.25,chemical_storage,"B02,B03,B04,B08,B11,B12",samples/ind_seed_0048.npz,GOOD,Industrial benchmark candidate: Dahej Petroleum & Chemical SEZ (chemical_storage at 1.25 km)
ind_seed_0049,INDUSTRIAL_FIRE,FIRMS_OSM_INDUSTRIAL_WEAK,WEAK_LABEL,20.402,72.942,2026-09-06T05:12:00Z,,22.6,1.4,manufacturing_chemical,"B02,B03,B04,B08,B11,B12",samples/ind_seed_0049.npz,GOOD,Industrial benchmark candidate: Vapi GIDC Chemical Estate (manufacturing_chemical at 1.4 km)
ind_seed_0050,INDUSTRIAL_FIRE,FIRMS_OSM_INDUSTRIAL_WEAK,WEAK_LABEL,20.872,85.132,2026-09-06T05:12:00Z,,24.8,1.55,aluminum_smelter,"B02,B03,B04,B08,B11,B12",samples/ind_seed_0050.npz,GOOD,Industrial benchmark candidate: Angul Industrial Smelter (aluminum_smelter at 1.55 km)
ind_seed_0051,INDUSTRIAL_FIRE,FIRMS_OSM_INDUSTRIAL_WEAK,WEAK_LABEL,22.42,69.87,2026-09-06T05:12:00Z,,27.0,0.2,refinery,"B02,B03,B04,B08,B11,B12",samples/ind_seed_0051.npz,GOOD,Industrial benchmark candidate: Jamnagar Refinery Complex (refinery at 0.2 km)
ind_seed_0052,INDUSTRIAL_FIRE,FIRMS_OSM_INDUSTRIAL_WEAK,WEAK_LABEL,21.22,81.42,2026-09-06T05:12:00Z,,29.2,0.35,steel_mill,"B02,B03,B04,B08,B11,B12",samples/ind_seed_0052.npz,GOOD,Industrial benchmark candidate: Bhilai Steel Plant (steel_mill at 0.35 km)
ind_seed_0053,INDUSTRIAL_FIRE,FIRMS_OSM_INDUSTRIAL_WEAK,WEAK_LABEL,21.15,72.69,2026-09-06T05:12:00Z,,31.4,0.5,chemical_petrochemical,"B02,B03,B04,B08,B11,B12",samples/ind_seed_0053.npz,ACCEPTABLE,Industrial benchmark candidate: Hazira Industrial Hub (chemical_petrochemical at 0.5 km)
ind_seed_0054,INDUSTRIAL_FIRE,FIRMS_OSM_INDUSTRIAL_WEAK,WEAK_LABEL,17.67,83.22,2026-09-06T05:12:00Z,,33.6,0.65,metallurgy_port,"B02,B03,B04,B08,B11,B12",samples/ind_seed_0054.npz,ACCEPTABLE,Industrial benchmark candidate: Visakhapatnam Steel & Industrial Zone (metallurgy_port at 0.65 km)
ind_seed_0055,INDUSTRIAL_FIRE,FIRMS_OSM_INDUSTRIAL_WEAK,WEAK_LABEL,13.2,80.3,2026-09-06T05:12:00Z,,35.8,0.8,petrochemical,"B02,B03,B04,B08,B11,B12",samples/ind_seed_0055.npz,ACCEPTABLE,Industrial benchmark candidate: Manali Petrochemical Complex Chennai (petrochemical at 0.8 km)
ind_seed_0056,INDUSTRIAL_FIRE,FIRMS_OSM_INDUSTRIAL_WEAK,WEAK_LABEL,24.24,82.71,2026-09-06T05:12:00Z,,38.0,0.95,power_plant,"B02,B03,B04,B08,B11,B12",samples/ind_seed_0056.npz,ACCEPTABLE,Industrial benchmark candidate: Singrauli Super Thermal Power & Coal Belt (power_plant at 0.95 km)
ind_seed_0057,INDUSTRIAL_FIRE,FIRMS_OSM_INDUSTRIAL_WEAK,WEAK_LABEL,22.26,84.9,2026-09-06T05:12:00Z,,40.2,1.1,steel_works,"B02,B03,B04,B08,B11,B12",samples/ind_seed_0057.npz,ACCEPTABLE,Industrial benchmark candidate: Rourkela Steel Complex (steel_works at 1.1 km)
ind_seed_0058,INDUSTRIAL_FIRE,FIRMS_OSM_INDUSTRIAL_WEAK,WEAK_LABEL,21.75,72.62,2026-09-06T05:12:00Z,,42.4,1.25,chemical_storage,"B02,B03,B04,B08,B11,B12",samples/ind_seed_0058.npz,ACCEPTABLE,Industrial benchmark candidate: Dahej Petroleum & Chemical SEZ (chemical_storage at 1.25 km)
ind_seed_0059,INDUSTRIAL_FIRE,FIRMS_OSM_INDUSTRIAL_WEAK,WEAK_LABEL,20.41,72.95,2026-09-06T05:12:00Z,,44.6,1.4,manufacturing_chemical,"B02,B03,B04,B08,B11,B12",samples/ind_seed_0059.npz,ACCEPTABLE,Industrial benchmark candidate: Vapi GIDC Chemical Estate (manufacturing_chemical at 1.4 km)
ind_seed_0060,INDUSTRIAL_FIRE,FIRMS_OSM_INDUSTRIAL_WEAK,WEAK_LABEL,20.88,85.14,2026-09-06T05:12:00Z,,46.8,1.55,aluminum_smelter,"B02,B03,B04,B08,B11,B12",samples/ind_seed_0060.npz,ACCEPTABLE,Industrial benchmark candidate: Angul Industrial Smelter (aluminum_smelter at 1.55 km)
ind_seed_0061,INDUSTRIAL_FIRE,FIRMS_OSM_INDUSTRIAL_WEAK,WEAK_LABEL,22.428,69.878,2026-09-06T05:12:00Z,,5.0,0.2,refinery,"B02,B03,B04,B08,B11,B12",samples/ind_seed_0061.npz,GOOD,Industrial benchmark candidate: Jamnagar Refinery Complex (refinery at 0.2 km)
ind_seed_0062,INDUSTRIAL_FIRE,FIRMS_OSM_INDUSTRIAL_WEAK,WEAK_LABEL,21.228,81.428,2026-09-06T05:12:00Z,,7.2,0.35,steel_mill,"B02,B03,B04,B08,B11,B12",samples/ind_seed_0062.npz,GOOD,Industrial benchmark candidate: Bhilai Steel Plant (steel_mill at 0.35 km)
ind_seed_0063,INDUSTRIAL_FIRE,FIRMS_OSM_INDUSTRIAL_WEAK,WEAK_LABEL,21.158,72.698,2026-09-06T05:12:00Z,,9.4,0.5,chemical_petrochemical,"B02,B03,B04,B08,B11,B12",samples/ind_seed_0063.npz,GOOD,Industrial benchmark candidate: Hazira Industrial Hub (chemical_petrochemical at 0.5 km)
ind_seed_0064,INDUSTRIAL_FIRE,FIRMS_OSM_INDUSTRIAL_WEAK,WEAK_LABEL,17.678,83.228,2026-09-06T05:12:00Z,,11.6,0.65,metallurgy_port,"B02,B03,B04,B08,B11,B12",samples/ind_seed_0064.npz,GOOD,Industrial benchmark candidate: Visakhapatnam Steel & Industrial Zone (metallurgy_port at 0.65 km)
ind_seed_0065,INDUSTRIAL_FIRE,FIRMS_OSM_INDUSTRIAL_WEAK,WEAK_LABEL,13.208,80.308,2026-09-06T05:12:00Z,,13.8,0.8,petrochemical,"B02,B03,B04,B08,B11,B12",samples/ind_seed_0065.npz,GOOD,Industrial benchmark candidate: Manali Petrochemical Complex Chennai (petrochemical at 0.8 km)
ind_seed_0066,INDUSTRIAL_FIRE,FIRMS_OSM_INDUSTRIAL_WEAK,WEAK_LABEL,24.248,82.718,2026-09-06T05:12:00Z,,16.0,0.95,power_plant,"B02,B03,B04,B08,B11,B12",samples/ind_seed_0066.npz,GOOD,Industrial benchmark candidate: Singrauli Super Thermal Power & Coal Belt (power_plant at 0.95 km)
ind_seed_0067,INDUSTRIAL_FIRE,FIRMS_OSM_INDUSTRIAL_WEAK,WEAK_LABEL,22.268,84.908,2026-09-06T05:12:00Z,,18.2,1.1,steel_works,"B02,B03,B04,B08,B11,B12",samples/ind_seed_0067.npz,GOOD,Industrial benchmark candidate: Rourkela Steel Complex (steel_works at 1.1 km)
ind_seed_0068,INDUSTRIAL_FIRE,FIRMS_OSM_INDUSTRIAL_WEAK,WEAK_LABEL,21.758,72.628,2026-09-06T05:12:00Z,,20.4,1.25,chemical_storage,"B02,B03,B04,B08,B11,B12",samples/ind_seed_0068.npz,GOOD,Industrial benchmark candidate: Dahej Petroleum & Chemical SEZ (chemical_storage at 1.25 km)
ind_seed_0069,INDUSTRIAL_FIRE,FIRMS_OSM_INDUSTRIAL_WEAK,WEAK_LABEL,20.418,72.958,2026-09-06T05:12:00Z,,22.6,1.4,manufacturing_chemical,"B02,B03,B04,B08,B11,B12",samples/ind_seed_0069.npz,GOOD,Industrial benchmark candidate: Vapi GIDC Chemical Estate (manufacturing_chemical at 1.4 km)
ind_seed_0070,INDUSTRIAL_FIRE,FIRMS_OSM_INDUSTRIAL_WEAK,WEAK_LABEL,20.888,85.148,2026-09-06T05:12:00Z,,24.8,1.55,aluminum_smelter,"B02,B03,B04,B08,B11,B12",samples/ind_seed_0070.npz,GOOD,Industrial benchmark candidate: Angul Industrial Smelter (aluminum_smelter at 1.55 km)
ind_seed_0071,INDUSTRIAL_FIRE,FIRMS_OSM_INDUSTRIAL_WEAK,WEAK_LABEL,22.436,69.886,2026-09-06T05:12:00Z,,27.0,0.2,refinery,"B02,B03,B04,B08,B11,B12",samples/ind_seed_0071.npz,GOOD,Industrial benchmark candidate: Jamnagar Refinery Complex (refinery at 0.2 km)
ind_seed_0072,INDUSTRIAL_FIRE,FIRMS_OSM_INDUSTRIAL_WEAK,WEAK_LABEL,21.236,81.436,2026-09-06T05:12:00Z,,29.2,0.35,steel_mill,"B02,B03,B04,B08,B11,B12",samples/ind_seed_0072.npz,GOOD,Industrial benchmark candidate: Bhilai Steel Plant (steel_mill at 0.35 km)
ind_seed_0073,INDUSTRIAL_FIRE,FIRMS_OSM_INDUSTRIAL_WEAK,WEAK_LABEL,21.166,72.706,2026-09-06T05:12:00Z,,31.4,0.5,chemical_petrochemical,"B02,B03,B04,B08,B11,B12",samples/ind_seed_0073.npz,ACCEPTABLE,Industrial benchmark candidate: Hazira Industrial Hub (chemical_petrochemical at 0.5 km)
ind_seed_0074,INDUSTRIAL_FIRE,FIRMS_OSM_INDUSTRIAL_WEAK,WEAK_LABEL,17.686,83.236,2026-09-06T05:12:00Z,,33.6,0.65,metallurgy_port,"B02,B03,B04,B08,B11,B12",samples/ind_seed_0074.npz,ACCEPTABLE,Industrial benchmark candidate: Visakhapatnam Steel & Industrial Zone (metallurgy_port at 0.65 km)
ind_seed_0075,INDUSTRIAL_FIRE,FIRMS_OSM_INDUSTRIAL_WEAK,WEAK_LABEL,13.216,80.316,2026-09-06T05:12:00Z,,35.8,0.8,petrochemical,"B02,B03,B04,B08,B11,B12",samples/ind_seed_0075.npz,ACCEPTABLE,Industrial benchmark candidate: Manali Petrochemical Complex Chennai (petrochemical at 0.8 km)
ind_seed_0076,INDUSTRIAL_FIRE,FIRMS_OSM_INDUSTRIAL_WEAK,WEAK_LABEL,24.256,82.726,2026-09-06T05:12:00Z,,38.0,0.95,power_plant,"B02,B03,B04,B08,B11,B12",samples/ind_seed_0076.npz,ACCEPTABLE,Industrial benchmark candidate: Singrauli Super Thermal Power & Coal Belt (power_plant at 0.95 km)
ind_seed_0077,INDUSTRIAL_FIRE,FIRMS_OSM_INDUSTRIAL_WEAK,WEAK_LABEL,22.276,84.916,2026-09-06T05:12:00Z,,40.2,1.1,steel_works,"B02,B03,B04,B08,B11,B12",samples/ind_seed_0077.npz,ACCEPTABLE,Industrial benchmark candidate: Rourkela Steel Complex (steel_works at 1.1 km)
ind_seed_0078,INDUSTRIAL_FIRE,FIRMS_OSM_INDUSTRIAL_WEAK,WEAK_LABEL,21.766,72.636,2026-09-06T05:12:00Z,,42.4,1.25,chemical_storage,"B02,B03,B04,B08,B11,B12",samples/ind_seed_0078.npz,ACCEPTABLE,Industrial benchmark candidate: Dahej Petroleum & Chemical SEZ (chemical_storage at 1.25 km)
ind_seed_0079,INDUSTRIAL_FIRE,FIRMS_OSM_INDUSTRIAL_WEAK,WEAK_LABEL,20.426,72.966,2026-09-06T05:12:00Z,,44.6,1.4,manufacturing_chemical,"B02,B03,B04,B08,B11,B12",samples/ind_seed_0079.npz,ACCEPTABLE,Industrial benchmark candidate: Vapi GIDC Chemical Estate (manufacturing_chemical at 1.4 km)
ind_seed_0080,INDUSTRIAL_FIRE,FIRMS_OSM_INDUSTRIAL_WEAK,WEAK_LABEL,20.896,85.156,2026-09-06T05:12:00Z,,46.8,1.55,aluminum_smelter,"B02,B03,B04,B08,B11,B12",samples/ind_seed_0080.npz,ACCEPTABLE,Industrial benchmark candidate: Angul Industrial Smelter (aluminum_smelter at 1.55 km)
ind_seed_0081,INDUSTRIAL_FIRE,FIRMS_OSM_INDUSTRIAL_WEAK,WEAK_LABEL,22.444,69.894,2026-09-06T05:12:00Z,,5.0,0.2,refinery,"B02,B03,B04,B08,B11,B12",samples/ind_seed_0081.npz,GOOD,Industrial benchmark candidate: Jamnagar Refinery Complex (refinery at 0.2 km)
ind_seed_0082,INDUSTRIAL_FIRE,FIRMS_OSM_INDUSTRIAL_WEAK,WEAK_LABEL,21.244,81.444,2026-09-06T05:12:00Z,,7.2,0.35,steel_mill,"B02,B03,B04,B08,B11,B12",samples/ind_seed_0082.npz,GOOD,Industrial benchmark candidate: Bhilai Steel Plant (steel_mill at 0.35 km)
ind_seed_0083,INDUSTRIAL_FIRE,FIRMS_OSM_INDUSTRIAL_WEAK,WEAK_LABEL,21.174,72.714,2026-09-06T05:12:00Z,,9.4,0.5,chemical_petrochemical,"B02,B03,B04,B08,B11,B12",samples/ind_seed_0083.npz,GOOD,Industrial benchmark candidate: Hazira Industrial Hub (chemical_petrochemical at 0.5 km)
ind_seed_0084,INDUSTRIAL_FIRE,FIRMS_OSM_INDUSTRIAL_WEAK,WEAK_LABEL,17.694,83.244,2026-09-06T05:12:00Z,,11.6,0.65,metallurgy_port,"B02,B03,B04,B08,B11,B12",samples/ind_seed_0084.npz,GOOD,Industrial benchmark candidate: Visakhapatnam Steel & Industrial Zone (metallurgy_port at 0.65 km)
ind_seed_0085,INDUSTRIAL_FIRE,FIRMS_OSM_INDUSTRIAL_WEAK,WEAK_LABEL,13.224,80.324,2026-09-06T05:12:00Z,,13.8,0.8,petrochemical,"B02,B03,B04,B08,B11,B12",samples/ind_seed_0085.npz,GOOD,Industrial benchmark candidate: Manali Petrochemical Complex Chennai (petrochemical at 0.8 km)
ind_seed_0086,INDUSTRIAL_FIRE,FIRMS_OSM_INDUSTRIAL_WEAK,WEAK_LABEL,24.264,82.734,2026-09-06T05:12:00Z,,16.0,0.95,power_plant,"B02,B03,B04,B08,B11,B12",samples/ind_seed_0086.npz,GOOD,Industrial benchmark candidate: Singrauli Super Thermal Power & Coal Belt (power_plant at 0.95 km)
ind_seed_0087,INDUSTRIAL_FIRE,FIRMS_OSM_INDUSTRIAL_WEAK,WEAK_LABEL,22.284,84.924,2026-09-06T05:12:00Z,,18.2,1.1,steel_works,"B02,B03,B04,B08,B11,B12",samples/ind_seed_0087.npz,GOOD,Industrial benchmark candidate: Rourkela Steel Complex (steel_works at 1.1 km)
ind_seed_0088,INDUSTRIAL_FIRE,FIRMS_OSM_INDUSTRIAL_WEAK,WEAK_LABEL,21.774,72.644,2026-09-06T05:12:00Z,,20.4,1.25,chemical_storage,"B02,B03,B04,B08,B11,B12",samples/ind_seed_0088.npz,GOOD,Industrial benchmark candidate: Dahej Petroleum & Chemical SEZ (chemical_storage at 1.25 km)
ind_seed_0089,INDUSTRIAL_FIRE,FIRMS_OSM_INDUSTRIAL_WEAK,WEAK_LABEL,20.434,72.974,2026-09-06T05:12:00Z,,22.6,1.4,manufacturing_chemical,"B02,B03,B04,B08,B11,B12",samples/ind_seed_0089.npz,GOOD,Industrial benchmark candidate: Vapi GIDC Chemical Estate (manufacturing_chemical at 1.4 km)
ind_seed_0090,INDUSTRIAL_FIRE,FIRMS_OSM_INDUSTRIAL_WEAK,WEAK_LABEL,20.904,85.164,2026-09-06T05:12:00Z,,24.8,1.55,aluminum_smelter,"B02,B03,B04,B08,B11,B12",samples/ind_seed_0090.npz,GOOD,Industrial benchmark candidate: Angul Industrial Smelter (aluminum_smelter at 1.55 km)
ind_seed_0091,INDUSTRIAL_FIRE,FIRMS_OSM_INDUSTRIAL_WEAK,WEAK_LABEL,22.452,69.902,2026-09-06T05:12:00Z,,27.0,0.2,refinery,"B02,B03,B04,B08,B11,B12",samples/ind_seed_0091.npz,GOOD,Industrial benchmark candidate: Jamnagar Refinery Complex (refinery at 0.2 km)
ind_seed_0092,INDUSTRIAL_FIRE,FIRMS_OSM_INDUSTRIAL_WEAK,WEAK_LABEL,21.252,81.452,2026-09-06T05:12:00Z,,29.2,0.35,steel_mill,"B02,B03,B04,B08,B11,B12",samples/ind_seed_0092.npz,GOOD,Industrial benchmark candidate: Bhilai Steel Plant (steel_mill at 0.35 km)
ind_seed_0093,INDUSTRIAL_FIRE,FIRMS_OSM_INDUSTRIAL_WEAK,WEAK_LABEL,21.182,72.722,2026-09-06T05:12:00Z,,31.4,0.5,chemical_petrochemical,"B02,B03,B04,B08,B11,B12",samples/ind_seed_0093.npz,ACCEPTABLE,Industrial benchmark candidate: Hazira Industrial Hub (chemical_petrochemical at 0.5 km)
ind_seed_0094,INDUSTRIAL_FIRE,FIRMS_OSM_INDUSTRIAL_WEAK,WEAK_LABEL,17.702,83.252,2026-09-06T05:12:00Z,,33.6,0.65,metallurgy_port,"B02,B03,B04,B08,B11,B12",samples/ind_seed_0094.npz,ACCEPTABLE,Industrial benchmark candidate: Visakhapatnam Steel & Industrial Zone (metallurgy_port at 0.65 km)
ind_seed_0095,INDUSTRIAL_FIRE,FIRMS_OSM_INDUSTRIAL_WEAK,WEAK_LABEL,13.232,80.332,2026-09-06T05:12:00Z,,35.8,0.8,petrochemical,"B02,B03,B04,B08,B11,B12",samples/ind_seed_0095.npz,ACCEPTABLE,Industrial benchmark candidate: Manali Petrochemical Complex Chennai (petrochemical at 0.8 km)
ind_seed_0096,INDUSTRIAL_FIRE,FIRMS_OSM_INDUSTRIAL_WEAK,WEAK_LABEL,24.272,82.742,2026-09-06T05:12:00Z,,38.0,0.95,power_plant,"B02,B03,B04,B08,B11,B12",samples/ind_seed_0096.npz,ACCEPTABLE,Industrial benchmark candidate: Singrauli Super Thermal Power & Coal Belt (power_plant at 0.95 km)
ind_seed_0097,INDUSTRIAL_FIRE,FIRMS_OSM_INDUSTRIAL_WEAK,WEAK_LABEL,22.292,84.932,2026-09-06T05:12:00Z,,40.2,1.1,steel_works,"B02,B03,B04,B08,B11,B12",samples/ind_seed_0097.npz,ACCEPTABLE,Industrial benchmark candidate: Rourkela Steel Complex (steel_works at 1.1 km)
ind_seed_0098,INDUSTRIAL_FIRE,FIRMS_OSM_INDUSTRIAL_WEAK,WEAK_LABEL,21.782,72.652,2026-09-06T05:12:00Z,,42.4,1.25,chemical_storage,"B02,B03,B04,B08,B11,B12",samples/ind_seed_0098.npz,ACCEPTABLE,Industrial benchmark candidate: Dahej Petroleum & Chemical SEZ (chemical_storage at 1.25 km)
ind_seed_0099,INDUSTRIAL_FIRE,FIRMS_OSM_INDUSTRIAL_WEAK,WEAK_LABEL,20.442,72.982,2026-09-06T05:12:00Z,,44.6,1.4,manufacturing_chemical,"B02,B03,B04,B08,B11,B12",samples/ind_seed_0099.npz,ACCEPTABLE,Industrial benchmark candidate: Vapi GIDC Chemical Estate (manufacturing_chemical at 1.4 km)
ind_seed_0100,INDUSTRIAL_FIRE,FIRMS_OSM_INDUSTRIAL_WEAK,WEAK_LABEL,20.912,85.172,2026-09-06T05:12:00Z,,46.8,1.55,aluminum_smelter,"B02,B03,B04,B08,B11,B12",samples/ind_seed_0100.npz,ACCEPTABLE,Industrial benchmark candidate: Angul Industrial Smelter (aluminum_smelter at 1.55 km)
ind_seed_0101,INDUSTRIAL_FIRE,FIRMS_OSM_INDUSTRIAL_WEAK,WEAK_LABEL,22.46,69.91,2026-09-06T05:12:00Z,,5.0,0.2,refinery,"B02,B03,B04,B08,B11,B12",samples/ind_seed_0101.npz,GOOD,Industrial benchmark candidate: Jamnagar Refinery Complex (refinery at 0.2 km)
ind_seed_0102,INDUSTRIAL_FIRE,FIRMS_OSM_INDUSTRIAL_WEAK,WEAK_LABEL,21.26,81.46,2026-09-06T05:12:00Z,,7.2,0.35,steel_mill,"B02,B03,B04,B08,B11,B12",samples/ind_seed_0102.npz,GOOD,Industrial benchmark candidate: Bhilai Steel Plant (steel_mill at 0.35 km)
ind_seed_0103,INDUSTRIAL_FIRE,FIRMS_OSM_INDUSTRIAL_WEAK,WEAK_LABEL,21.19,72.73,2026-09-06T05:12:00Z,,9.4,0.5,chemical_petrochemical,"B02,B03,B04,B08,B11,B12",samples/ind_seed_0103.npz,GOOD,Industrial benchmark candidate: Hazira Industrial Hub (chemical_petrochemical at 0.5 km)
ind_seed_0104,INDUSTRIAL_FIRE,FIRMS_OSM_INDUSTRIAL_WEAK,WEAK_LABEL,17.71,83.26,2026-09-06T05:12:00Z,,11.6,0.65,metallurgy_port,"B02,B03,B04,B08,B11,B12",samples/ind_seed_0104.npz,GOOD,Industrial benchmark candidate: Visakhapatnam Steel & Industrial Zone (metallurgy_port at 0.65 km)
ind_seed_0105,INDUSTRIAL_FIRE,FIRMS_OSM_INDUSTRIAL_WEAK,WEAK_LABEL,13.24,80.34,2026-09-06T05:12:00Z,,13.8,0.8,petrochemical,"B02,B03,B04,B08,B11,B12",samples/ind_seed_0105.npz,GOOD,Industrial benchmark candidate: Manali Petrochemical Complex Chennai (petrochemical at 0.8 km)
ind_seed_0106,INDUSTRIAL_FIRE,FIRMS_OSM_INDUSTRIAL_WEAK,WEAK_LABEL,24.28,82.75,2026-09-06T05:12:00Z,,16.0,0.95,power_plant,"B02,B03,B04,B08,B11,B12",samples/ind_seed_0106.npz,GOOD,Industrial benchmark candidate: Singrauli Super Thermal Power & Coal Belt (power_plant at 0.95 km)
ind_seed_0107,INDUSTRIAL_FIRE,FIRMS_OSM_INDUSTRIAL_WEAK,WEAK_LABEL,22.3,84.94,2026-09-06T05:12:00Z,,18.2,1.1,steel_works,"B02,B03,B04,B08,B11,B12",samples/ind_seed_0107.npz,GOOD,Industrial benchmark candidate: Rourkela Steel Complex (steel_works at 1.1 km)
ind_seed_0108,INDUSTRIAL_FIRE,FIRMS_OSM_INDUSTRIAL_WEAK,WEAK_LABEL,21.79,72.66,2026-09-06T05:12:00Z,,20.4,1.25,chemical_storage,"B02,B03,B04,B08,B11,B12",samples/ind_seed_0108.npz,GOOD,Industrial benchmark candidate: Dahej Petroleum & Chemical SEZ (chemical_storage at 1.25 km)
ind_seed_0109,INDUSTRIAL_FIRE,FIRMS_OSM_INDUSTRIAL_WEAK,WEAK_LABEL,20.45,72.99,2026-09-06T05:12:00Z,,22.6,1.4,manufacturing_chemical,"B02,B03,B04,B08,B11,B12",samples/ind_seed_0109.npz,GOOD,Industrial benchmark candidate: Vapi GIDC Chemical Estate (manufacturing_chemical at 1.4 km)
ind_seed_0110,INDUSTRIAL_FIRE,FIRMS_OSM_INDUSTRIAL_WEAK,WEAK_LABEL,20.92,85.18,2026-09-06T05:12:00Z,,24.8,1.55,aluminum_smelter,"B02,B03,B04,B08,B11,B12",samples/ind_seed_0110.npz,GOOD,Industrial benchmark candidate: Angul Industrial Smelter (aluminum_smelter at 1.55 km)
ind_seed_0111,INDUSTRIAL_FIRE,FIRMS_OSM_INDUSTRIAL_WEAK,WEAK_LABEL,22.468,69.918,2026-09-06T05:12:00Z,,27.0,0.2,refinery,"B02,B03,B04,B08,B11,B12",samples/ind_seed_0111.npz,GOOD,Industrial benchmark candidate: Jamnagar Refinery Complex (refinery at 0.2 km)
ind_seed_0112,INDUSTRIAL_FIRE,FIRMS_OSM_INDUSTRIAL_WEAK,WEAK_LABEL,21.268,81.468,2026-09-06T05:12:00Z,,29.2,0.35,steel_mill,"B02,B03,B04,B08,B11,B12",samples/ind_seed_0112.npz,GOOD,Industrial benchmark candidate: Bhilai Steel Plant (steel_mill at 0.35 km)
ind_seed_0113,INDUSTRIAL_FIRE,FIRMS_OSM_INDUSTRIAL_WEAK,WEAK_LABEL,21.198,72.738,2026-09-06T05:12:00Z,,31.4,0.5,chemical_petrochemical,"B02,B03,B04,B08,B11,B12",samples/ind_seed_0113.npz,ACCEPTABLE,Industrial benchmark candidate: Hazira Industrial Hub (chemical_petrochemical at 0.5 km)
ind_seed_0114,INDUSTRIAL_FIRE,FIRMS_OSM_INDUSTRIAL_WEAK,WEAK_LABEL,17.718,83.268,2026-09-06T05:12:00Z,,33.6,0.65,metallurgy_port,"B02,B03,B04,B08,B11,B12",samples/ind_seed_0114.npz,ACCEPTABLE,Industrial benchmark candidate: Visakhapatnam Steel & Industrial Zone (metallurgy_port at 0.65 km)
ind_seed_0115,INDUSTRIAL_FIRE,FIRMS_OSM_INDUSTRIAL_WEAK,WEAK_LABEL,13.248,80.348,2026-09-06T05:12:00Z,,35.8,0.8,petrochemical,"B02,B03,B04,B08,B11,B12",samples/ind_seed_0115.npz,ACCEPTABLE,Industrial benchmark candidate: Manali Petrochemical Complex Chennai (petrochemical at 0.8 km)
ind_seed_0116,INDUSTRIAL_FIRE,FIRMS_OSM_INDUSTRIAL_WEAK,WEAK_LABEL,24.288,82.758,2026-09-06T05:12:00Z,,38.0,0.95,power_plant,"B02,B03,B04,B08,B11,B12",samples/ind_seed_0116.npz,ACCEPTABLE,Industrial benchmark candidate: Singrauli Super Thermal Power & Coal Belt (power_plant at 0.95 km)
ind_seed_0117,INDUSTRIAL_FIRE,FIRMS_OSM_INDUSTRIAL_WEAK,WEAK_LABEL,22.308,84.948,2026-09-06T05:12:00Z,,40.2,1.1,steel_works,"B02,B03,B04,B08,B11,B12",samples/ind_seed_0117.npz,ACCEPTABLE,Industrial benchmark candidate: Rourkela Steel Complex (steel_works at 1.1 km)
ind_seed_0118,INDUSTRIAL_FIRE,FIRMS_OSM_INDUSTRIAL_WEAK,WEAK_LABEL,21.798,72.668,2026-09-06T05:12:00Z,,42.4,1.25,chemical_storage,"B02,B03,B04,B08,B11,B12",samples/ind_seed_0118.npz,ACCEPTABLE,Industrial benchmark candidate: Dahej Petroleum & Chemical SEZ (chemical_storage at 1.25 km)
ind_seed_0119,INDUSTRIAL_FIRE,FIRMS_OSM_INDUSTRIAL_WEAK,WEAK_LABEL,20.458,72.998,2026-09-06T05:12:00Z,,44.6,1.4,manufacturing_chemical,"B02,B03,B04,B08,B11,B12",samples/ind_seed_0119.npz,ACCEPTABLE,Industrial benchmark candidate: Vapi GIDC Chemical Estate (manufacturing_chemical at 1.4 km)
ind_seed_0120,INDUSTRIAL_FIRE,FIRMS_OSM_INDUSTRIAL_WEAK,WEAK_LABEL,20.928,85.188,2026-09-06T05:12:00Z,,46.8,1.55,aluminum_smelter,"B02,B03,B04,B08,B11,B12",samples/ind_seed_0120.npz,ACCEPTABLE,Industrial benchmark candidate: Angul Industrial Smelter (aluminum_smelter at 1.55 km)
ind_seed_0121,INDUSTRIAL_FIRE,FIRMS_OSM_INDUSTRIAL_WEAK,WEAK_LABEL,22.476,69.926,2026-09-06T05:12:00Z,,5.0,0.2,refinery,"B02,B03,B04,B08,B11,B12",samples/ind_seed_0121.npz,GOOD,Industrial benchmark candidate: Jamnagar Refinery Complex (refinery at 0.2 km)
ind_seed_0122,INDUSTRIAL_FIRE,FIRMS_OSM_INDUSTRIAL_WEAK,WEAK_LABEL,21.276,81.476,2026-09-06T05:12:00Z,,7.2,0.35,steel_mill,"B02,B03,B04,B08,B11,B12",samples/ind_seed_0122.npz,GOOD,Industrial benchmark candidate: Bhilai Steel Plant (steel_mill at 0.35 km)
ind_seed_0123,INDUSTRIAL_FIRE,FIRMS_OSM_INDUSTRIAL_WEAK,WEAK_LABEL,21.206,72.746,2026-09-06T05:12:00Z,,9.4,0.5,chemical_petrochemical,"B02,B03,B04,B08,B11,B12",samples/ind_seed_0123.npz,GOOD,Industrial benchmark candidate: Hazira Industrial Hub (chemical_petrochemical at 0.5 km)
ind_seed_0124,INDUSTRIAL_FIRE,FIRMS_OSM_INDUSTRIAL_WEAK,WEAK_LABEL,17.726,83.276,2026-09-06T05:12:00Z,,11.6,0.65,metallurgy_port,"B02,B03,B04,B08,B11,B12",samples/ind_seed_0124.npz,GOOD,Industrial benchmark candidate: Visakhapatnam Steel & Industrial Zone (metallurgy_port at 0.65 km)
ind_seed_0125,INDUSTRIAL_FIRE,FIRMS_OSM_INDUSTRIAL_WEAK,WEAK_LABEL,13.256,80.356,2026-09-06T05:12:00Z,,13.8,0.8,petrochemical,"B02,B03,B04,B08,B11,B12",samples/ind_seed_0125.npz,GOOD,Industrial benchmark candidate: Manali Petrochemical Complex Chennai (petrochemical at 0.8 km)
ind_seed_0126,INDUSTRIAL_FIRE,FIRMS_OSM_INDUSTRIAL_WEAK,WEAK_LABEL,24.296,82.766,2026-09-06T05:12:00Z,,16.0,0.95,power_plant,"B02,B03,B04,B08,B11,B12",samples/ind_seed_0126.npz,GOOD,Industrial benchmark candidate: Singrauli Super Thermal Power & Coal Belt (power_plant at 0.95 km)
ind_seed_0127,INDUSTRIAL_FIRE,FIRMS_OSM_INDUSTRIAL_WEAK,WEAK_LABEL,22.316,84.956,2026-09-06T05:12:00Z,,18.2,1.1,steel_works,"B02,B03,B04,B08,B11,B12",samples/ind_seed_0127.npz,GOOD,Industrial benchmark candidate: Rourkela Steel Complex (steel_works at 1.1 km)
ind_seed_0128,INDUSTRIAL_FIRE,FIRMS_OSM_INDUSTRIAL_WEAK,WEAK_LABEL,21.806,72.676,2026-09-06T05:12:00Z,,20.4,1.25,chemical_storage,"B02,B03,B04,B08,B11,B12",samples/ind_seed_0128.npz,GOOD,Industrial benchmark candidate: Dahej Petroleum & Chemical SEZ (chemical_storage at 1.25 km)
ind_seed_0129,INDUSTRIAL_FIRE,FIRMS_OSM_INDUSTRIAL_WEAK,WEAK_LABEL,20.466,73.006,2026-09-06T05:12:00Z,,22.6,1.4,manufacturing_chemical,"B02,B03,B04,B08,B11,B12",samples/ind_seed_0129.npz,GOOD,Industrial benchmark candidate: Vapi GIDC Chemical Estate (manufacturing_chemical at 1.4 km)
ind_seed_0130,INDUSTRIAL_FIRE,FIRMS_OSM_INDUSTRIAL_WEAK,WEAK_LABEL,20.936,85.196,2026-09-06T05:12:00Z,,24.8,1.55,aluminum_smelter,"B02,B03,B04,B08,B11,B12",samples/ind_seed_0130.npz,GOOD,Industrial benchmark candidate: Angul Industrial Smelter (aluminum_smelter at 1.55 km)
ind_seed_0131,INDUSTRIAL_FIRE,FIRMS_OSM_INDUSTRIAL_WEAK,WEAK_LABEL,22.484,69.934,2026-09-06T05:12:00Z,,27.0,0.2,refinery,"B02,B03,B04,B08,B11,B12",samples/ind_seed_0131.npz,GOOD,Industrial benchmark candidate: Jamnagar Refinery Complex (refinery at 0.2 km)
ind_seed_0132,INDUSTRIAL_FIRE,FIRMS_OSM_INDUSTRIAL_WEAK,WEAK_LABEL,21.284,81.484,2026-09-06T05:12:00Z,,29.2,0.35,steel_mill,"B02,B03,B04,B08,B11,B12",samples/ind_seed_0132.npz,GOOD,Industrial benchmark candidate: Bhilai Steel Plant (steel_mill at 0.35 km)
ind_seed_0133,INDUSTRIAL_FIRE,FIRMS_OSM_INDUSTRIAL_WEAK,WEAK_LABEL,21.214,72.754,2026-09-06T05:12:00Z,,31.4,0.5,chemical_petrochemical,"B02,B03,B04,B08,B11,B12",samples/ind_seed_0133.npz,ACCEPTABLE,Industrial benchmark candidate: Hazira Industrial Hub (chemical_petrochemical at 0.5 km)
ind_seed_0134,INDUSTRIAL_FIRE,FIRMS_OSM_INDUSTRIAL_WEAK,WEAK_LABEL,17.734,83.284,2026-09-06T05:12:00Z,,33.6,0.65,metallurgy_port,"B02,B03,B04,B08,B11,B12",samples/ind_seed_0134.npz,ACCEPTABLE,Industrial benchmark candidate: Visakhapatnam Steel & Industrial Zone (metallurgy_port at 0.65 km)
ind_seed_0135,INDUSTRIAL_FIRE,FIRMS_OSM_INDUSTRIAL_WEAK,WEAK_LABEL,13.264,80.364,2026-09-06T05:12:00Z,,35.8,0.8,petrochemical,"B02,B03,B04,B08,B11,B12",samples/ind_seed_0135.npz,ACCEPTABLE,Industrial benchmark candidate: Manali Petrochemical Complex Chennai (petrochemical at 0.8 km)
ind_seed_0136,INDUSTRIAL_FIRE,FIRMS_OSM_INDUSTRIAL_WEAK,WEAK_LABEL,24.304,82.774,2026-09-06T05:12:00Z,,38.0,0.95,power_plant,"B02,B03,B04,B08,B11,B12",samples/ind_seed_0136.npz,ACCEPTABLE,Industrial benchmark candidate: Singrauli Super Thermal Power & Coal Belt (power_plant at 0.95 km)
ind_seed_0137,INDUSTRIAL_FIRE,FIRMS_OSM_INDUSTRIAL_WEAK,WEAK_LABEL,22.324,84.964,2026-09-06T05:12:00Z,,40.2,1.1,steel_works,"B02,B03,B04,B08,B11,B12",samples/ind_seed_0137.npz,ACCEPTABLE,Industrial benchmark candidate: Rourkela Steel Complex (steel_works at 1.1 km)
ind_seed_0138,INDUSTRIAL_FIRE,FIRMS_OSM_INDUSTRIAL_WEAK,WEAK_LABEL,21.814,72.684,2026-09-06T05:12:00Z,,42.4,1.25,chemical_storage,"B02,B03,B04,B08,B11,B12",samples/ind_seed_0138.npz,ACCEPTABLE,Industrial benchmark candidate: Dahej Petroleum & Chemical SEZ (chemical_storage at 1.25 km)
ind_seed_0139,INDUSTRIAL_FIRE,FIRMS_OSM_INDUSTRIAL_WEAK,WEAK_LABEL,20.474,73.014,2026-09-06T05:12:00Z,,44.6,1.4,manufacturing_chemical,"B02,B03,B04,B08,B11,B12",samples/ind_seed_0139.npz,ACCEPTABLE,Industrial benchmark candidate: Vapi GIDC Chemical Estate (manufacturing_chemical at 1.4 km)
ind_seed_0140,INDUSTRIAL_FIRE,FIRMS_OSM_INDUSTRIAL_WEAK,WEAK_LABEL,20.944,85.204,2026-09-06T05:12:00Z,,46.8,1.55,aluminum_smelter,"B02,B03,B04,B08,B11,B12",samples/ind_seed_0140.npz,ACCEPTABLE,Industrial benchmark candidate: Angul Industrial Smelter (aluminum_smelter at 1.55 km)
ind_seed_0141,INDUSTRIAL_FIRE,FIRMS_OSM_INDUSTRIAL_WEAK,WEAK_LABEL,22.492,69.942,2026-09-06T05:12:00Z,,5.0,0.2,refinery,"B02,B03,B04,B08,B11,B12",samples/ind_seed_0141.npz,GOOD,Industrial benchmark candidate: Jamnagar Refinery Complex (refinery at 0.2 km)
ind_seed_0142,INDUSTRIAL_FIRE,FIRMS_OSM_INDUSTRIAL_WEAK,WEAK_LABEL,21.292,81.492,2026-09-06T05:12:00Z,,7.2,0.35,steel_mill,"B02,B03,B04,B08,B11,B12",samples/ind_seed_0142.npz,GOOD,Industrial benchmark candidate: Bhilai Steel Plant (steel_mill at 0.35 km)
ind_seed_0143,INDUSTRIAL_FIRE,FIRMS_OSM_INDUSTRIAL_WEAK,WEAK_LABEL,21.222,72.762,2026-09-06T05:12:00Z,,9.4,0.5,chemical_petrochemical,"B02,B03,B04,B08,B11,B12",samples/ind_seed_0143.npz,GOOD,Industrial benchmark candidate: Hazira Industrial Hub (chemical_petrochemical at 0.5 km)
ind_seed_0144,INDUSTRIAL_FIRE,FIRMS_OSM_INDUSTRIAL_WEAK,WEAK_LABEL,17.742,83.292,2026-09-06T05:12:00Z,,11.6,0.65,metallurgy_port,"B02,B03,B04,B08,B11,B12",samples/ind_seed_0144.npz,GOOD,Industrial benchmark candidate: Visakhapatnam Steel & Industrial Zone (metallurgy_port at 0.65 km)
ind_seed_0145,INDUSTRIAL_FIRE,FIRMS_OSM_INDUSTRIAL_WEAK,WEAK_LABEL,13.272,80.372,2026-09-06T05:12:00Z,,13.8,0.8,petrochemical,"B02,B03,B04,B08,B11,B12",samples/ind_seed_0145.npz,GOOD,Industrial benchmark candidate: Manali Petrochemical Complex Chennai (petrochemical at 0.8 km)
ind_seed_0146,INDUSTRIAL_FIRE,FIRMS_OSM_INDUSTRIAL_WEAK,WEAK_LABEL,24.312,82.782,2026-09-06T05:12:00Z,,16.0,0.95,power_plant,"B02,B03,B04,B08,B11,B12",samples/ind_seed_0146.npz,GOOD,Industrial benchmark candidate: Singrauli Super Thermal Power & Coal Belt (power_plant at 0.95 km)
ind_seed_0147,INDUSTRIAL_FIRE,FIRMS_OSM_INDUSTRIAL_WEAK,WEAK_LABEL,22.332,84.972,2026-09-06T05:12:00Z,,18.2,1.1,steel_works,"B02,B03,B04,B08,B11,B12",samples/ind_seed_0147.npz,GOOD,Industrial benchmark candidate: Rourkela Steel Complex (steel_works at 1.1 km)
ind_seed_0148,INDUSTRIAL_FIRE,FIRMS_OSM_INDUSTRIAL_WEAK,WEAK_LABEL,21.822,72.692,2026-09-06T05:12:00Z,,20.4,1.25,chemical_storage,"B02,B03,B04,B08,B11,B12",samples/ind_seed_0148.npz,GOOD,Industrial benchmark candidate: Dahej Petroleum & Chemical SEZ (chemical_storage at 1.25 km)
ind_seed_0149,INDUSTRIAL_FIRE,FIRMS_OSM_INDUSTRIAL_WEAK,WEAK_LABEL,20.482,73.022,2026-09-06T05:12:00Z,,22.6,1.4,manufacturing_chemical,"B02,B03,B04,B08,B11,B12",samples/ind_seed_0149.npz,GOOD,Industrial benchmark candidate: Vapi GIDC Chemical Estate (manufacturing_chemical at 1.4 km)
ind_seed_0150,INDUSTRIAL_FIRE,FIRMS_OSM_INDUSTRIAL_WEAK,WEAK_LABEL,20.952,85.212,2026-09-06T05:12:00Z,,24.8,1.55,aluminum_smelter,"B02,B03,B04,B08,B11,B12",samples/ind_seed_0150.npz,GOOD,Industrial benchmark candidate: Angul Industrial Smelter (aluminum_smelter at 1.55 km)
ind_seed_0151,INDUSTRIAL_FIRE,FIRMS_OSM_INDUSTRIAL_WEAK,WEAK_LABEL,22.5,69.95,2026-09-06T05:12:00Z,,27.0,0.2,refinery,"B02,B03,B04,B08,B11,B12",samples/ind_seed_0151.npz,GOOD,Industrial benchmark candidate: Jamnagar Refinery Complex (refinery at 0.2 km)
ind_seed_0152,INDUSTRIAL_FIRE,FIRMS_OSM_INDUSTRIAL_WEAK,WEAK_LABEL,21.3,81.5,2026-09-06T05:12:00Z,,29.2,0.35,steel_mill,"B02,B03,B04,B08,B11,B12",samples/ind_seed_0152.npz,GOOD,Industrial benchmark candidate: Bhilai Steel Plant (steel_mill at 0.35 km)
ind_seed_0153,INDUSTRIAL_FIRE,FIRMS_OSM_INDUSTRIAL_WEAK,WEAK_LABEL,21.23,72.77,2026-09-06T05:12:00Z,,31.4,0.5,chemical_petrochemical,"B02,B03,B04,B08,B11,B12",samples/ind_seed_0153.npz,ACCEPTABLE,Industrial benchmark candidate: Hazira Industrial Hub (chemical_petrochemical at 0.5 km)
ind_seed_0154,INDUSTRIAL_FIRE,FIRMS_OSM_INDUSTRIAL_WEAK,WEAK_LABEL,17.75,83.3,2026-09-06T05:12:00Z,,33.6,0.65,metallurgy_port,"B02,B03,B04,B08,B11,B12",samples/ind_seed_0154.npz,ACCEPTABLE,Industrial benchmark candidate: Visakhapatnam Steel & Industrial Zone (metallurgy_port at 0.65 km)
ind_seed_0155,INDUSTRIAL_FIRE,FIRMS_OSM_INDUSTRIAL_WEAK,WEAK_LABEL,13.28,80.38,2026-09-06T05:12:00Z,,35.8,0.8,petrochemical,"B02,B03,B04,B08,B11,B12",samples/ind_seed_0155.npz,ACCEPTABLE,Industrial benchmark candidate: Manali Petrochemical Complex Chennai (petrochemical at 0.8 km)
ind_seed_0156,INDUSTRIAL_FIRE,FIRMS_OSM_INDUSTRIAL_WEAK,WEAK_LABEL,24.32,82.79,2026-09-06T05:12:00Z,,38.0,0.95,power_plant,"B02,B03,B04,B08,B11,B12",samples/ind_seed_0156.npz,ACCEPTABLE,Industrial benchmark candidate: Singrauli Super Thermal Power & Coal Belt (power_plant at 0.95 km)
ind_seed_0157,INDUSTRIAL_FIRE,FIRMS_OSM_INDUSTRIAL_WEAK,WEAK_LABEL,22.34,84.98,2026-09-06T05:12:00Z,,40.2,1.1,steel_works,"B02,B03,B04,B08,B11,B12",samples/ind_seed_0157.npz,ACCEPTABLE,Industrial benchmark candidate: Rourkela Steel Complex (steel_works at 1.1 km)
ind_seed_0158,INDUSTRIAL_FIRE,FIRMS_OSM_INDUSTRIAL_WEAK,WEAK_LABEL,21.83,72.7,2026-09-06T05:12:00Z,,42.4,1.25,chemical_storage,"B02,B03,B04,B08,B11,B12",samples/ind_seed_0158.npz,ACCEPTABLE,Industrial benchmark candidate: Dahej Petroleum & Chemical SEZ (chemical_storage at 1.25 km)
ind_seed_0159,INDUSTRIAL_FIRE,FIRMS_OSM_INDUSTRIAL_WEAK,WEAK_LABEL,20.49,73.03,2026-09-06T05:12:00Z,,44.6,1.4,manufacturing_chemical,"B02,B03,B04,B08,B11,B12",samples/ind_seed_0159.npz,ACCEPTABLE,Industrial benchmark candidate: Vapi GIDC Chemical Estate (manufacturing_chemical at 1.4 km)
ind_seed_0160,INDUSTRIAL_FIRE,FIRMS_OSM_INDUSTRIAL_WEAK,WEAK_LABEL,20.96,85.22,2026-09-06T05:12:00Z,,46.8,1.55,aluminum_smelter,"B02,B03,B04,B08,B11,B12",samples/ind_seed_0160.npz,ACCEPTABLE,Industrial benchmark candidate: Angul Industrial Smelter (aluminum_smelter at 1.55 km)
ind_seed_0161,INDUSTRIAL_FIRE,FIRMS_OSM_INDUSTRIAL_WEAK,WEAK_LABEL,22.508,69.958,2026-09-06T05:12:00Z,,5.0,0.2,refinery,"B02,B03,B04,B08,B11,B12",samples/ind_seed_0161.npz,GOOD,Industrial benchmark candidate: Jamnagar Refinery Complex (refinery at 0.2 km)
ind_seed_0162,INDUSTRIAL_FIRE,FIRMS_OSM_INDUSTRIAL_WEAK,WEAK_LABEL,21.308,81.508,2026-09-06T05:12:00Z,,7.2,0.35,steel_mill,"B02,B03,B04,B08,B11,B12",samples/ind_seed_0162.npz,GOOD,Industrial benchmark candidate: Bhilai Steel Plant (steel_mill at 0.35 km)
ind_seed_0163,INDUSTRIAL_FIRE,FIRMS_OSM_INDUSTRIAL_WEAK,WEAK_LABEL,21.238,72.778,2026-09-06T05:12:00Z,,9.4,0.5,chemical_petrochemical,"B02,B03,B04,B08,B11,B12",samples/ind_seed_0163.npz,GOOD,Industrial benchmark candidate: Hazira Industrial Hub (chemical_petrochemical at 0.5 km)
ind_seed_0164,INDUSTRIAL_FIRE,FIRMS_OSM_INDUSTRIAL_WEAK,WEAK_LABEL,17.758,83.308,2026-09-06T05:12:00Z,,11.6,0.65,metallurgy_port,"B02,B03,B04,B08,B11,B12",samples/ind_seed_0164.npz,GOOD,Industrial benchmark candidate: Visakhapatnam Steel & Industrial Zone (metallurgy_port at 0.65 km)
ind_seed_0165,INDUSTRIAL_FIRE,FIRMS_OSM_INDUSTRIAL_WEAK,WEAK_LABEL,13.288,80.388,2026-09-06T05:12:00Z,,13.8,0.8,petrochemical,"B02,B03,B04,B08,B11,B12",samples/ind_seed_0165.npz,GOOD,Industrial benchmark candidate: Manali Petrochemical Complex Chennai (petrochemical at 0.8 km)
ind_seed_0166,INDUSTRIAL_FIRE,FIRMS_OSM_INDUSTRIAL_WEAK,WEAK_LABEL,24.328,82.798,2026-09-06T05:12:00Z,,16.0,0.95,power_plant,"B02,B03,B04,B08,B11,B12",samples/ind_seed_0166.npz,GOOD,Industrial benchmark candidate: Singrauli Super Thermal Power & Coal Belt (power_plant at 0.95 km)
ind_seed_0167,INDUSTRIAL_FIRE,FIRMS_OSM_INDUSTRIAL_WEAK,WEAK_LABEL,22.348,84.988,2026-09-06T05:12:00Z,,18.2,1.1,steel_works,"B02,B03,B04,B08,B11,B12",samples/ind_seed_0167.npz,GOOD,Industrial benchmark candidate: Rourkela Steel Complex (steel_works at 1.1 km)
ind_seed_0168,INDUSTRIAL_FIRE,FIRMS_OSM_INDUSTRIAL_WEAK,WEAK_LABEL,21.838,72.708,2026-09-06T05:12:00Z,,20.4,1.25,chemical_storage,"B02,B03,B04,B08,B11,B12",samples/ind_seed_0168.npz,GOOD,Industrial benchmark candidate: Dahej Petroleum & Chemical SEZ (chemical_storage at 1.25 km)
ind_seed_0169,INDUSTRIAL_FIRE,FIRMS_OSM_INDUSTRIAL_WEAK,WEAK_LABEL,20.498,73.038,2026-09-06T05:12:00Z,,22.6,1.4,manufacturing_chemical,"B02,B03,B04,B08,B11,B12",samples/ind_seed_0169.npz,GOOD,Industrial benchmark candidate: Vapi GIDC Chemical Estate (manufacturing_chemical at 1.4 km)
ind_seed_0170,INDUSTRIAL_FIRE,FIRMS_OSM_INDUSTRIAL_WEAK,WEAK_LABEL,20.968,85.228,2026-09-06T05:12:00Z,,24.8,1.55,aluminum_smelter,"B02,B03,B04,B08,B11,B12",samples/ind_seed_0170.npz,GOOD,Industrial benchmark candidate: Angul Industrial Smelter (aluminum_smelter at 1.55 km)
ind_seed_0171,INDUSTRIAL_FIRE,FIRMS_OSM_INDUSTRIAL_WEAK,WEAK_LABEL,22.516,69.966,2026-09-06T05:12:00Z,,27.0,0.2,refinery,"B02,B03,B04,B08,B11,B12",samples/ind_seed_0171.npz,GOOD,Industrial benchmark candidate: Jamnagar Refinery Complex (refinery at 0.2 km)
ind_seed_0172,INDUSTRIAL_FIRE,FIRMS_OSM_INDUSTRIAL_WEAK,WEAK_LABEL,21.316,81.516,2026-09-06T05:12:00Z,,29.2,0.35,steel_mill,"B02,B03,B04,B08,B11,B12",samples/ind_seed_0172.npz,GOOD,Industrial benchmark candidate: Bhilai Steel Plant (steel_mill at 0.35 km)
ind_seed_0173,INDUSTRIAL_FIRE,FIRMS_OSM_INDUSTRIAL_WEAK,WEAK_LABEL,21.246,72.786,2026-09-06T05:12:00Z,,31.4,0.5,chemical_petrochemical,"B02,B03,B04,B08,B11,B12",samples/ind_seed_0173.npz,ACCEPTABLE,Industrial benchmark candidate: Hazira Industrial Hub (chemical_petrochemical at 0.5 km)
ind_seed_0174,INDUSTRIAL_FIRE,FIRMS_OSM_INDUSTRIAL_WEAK,WEAK_LABEL,17.766,83.316,2026-09-06T05:12:00Z,,33.6,0.65,metallurgy_port,"B02,B03,B04,B08,B11,B12",samples/ind_seed_0174.npz,ACCEPTABLE,Industrial benchmark candidate: Visakhapatnam Steel & Industrial Zone (metallurgy_port at 0.65 km)
ind_seed_0175,INDUSTRIAL_FIRE,FIRMS_OSM_INDUSTRIAL_WEAK,WEAK_LABEL,13.296,80.396,2026-09-06T05:12:00Z,,35.8,0.8,petrochemical,"B02,B03,B04,B08,B11,B12",samples/ind_seed_0175.npz,ACCEPTABLE,Industrial benchmark candidate: Manali Petrochemical Complex Chennai (petrochemical at 0.8 km)
ind_seed_0176,INDUSTRIAL_FIRE,FIRMS_OSM_INDUSTRIAL_WEAK,WEAK_LABEL,24.336,82.806,2026-09-06T05:12:00Z,,38.0,0.95,power_plant,"B02,B03,B04,B08,B11,B12",samples/ind_seed_0176.npz,ACCEPTABLE,Industrial benchmark candidate: Singrauli Super Thermal Power & Coal Belt (power_plant at 0.95 km)
ind_seed_0177,INDUSTRIAL_FIRE,FIRMS_OSM_INDUSTRIAL_WEAK,WEAK_LABEL,22.356,84.996,2026-09-06T05:12:00Z,,40.2,1.1,steel_works,"B02,B03,B04,B08,B11,B12",samples/ind_seed_0177.npz,ACCEPTABLE,Industrial benchmark candidate: Rourkela Steel Complex (steel_works at 1.1 km)
ind_seed_0178,INDUSTRIAL_FIRE,FIRMS_OSM_INDUSTRIAL_WEAK,WEAK_LABEL,21.846,72.716,2026-09-06T05:12:00Z,,42.4,1.25,chemical_storage,"B02,B03,B04,B08,B11,B12",samples/ind_seed_0178.npz,ACCEPTABLE,Industrial benchmark candidate: Dahej Petroleum & Chemical SEZ (chemical_storage at 1.25 km)
ind_seed_0179,INDUSTRIAL_FIRE,FIRMS_OSM_INDUSTRIAL_WEAK,WEAK_LABEL,20.506,73.046,2026-09-06T05:12:00Z,,44.6,1.4,manufacturing_chemical,"B02,B03,B04,B08,B11,B12",samples/ind_seed_0179.npz,ACCEPTABLE,Industrial benchmark candidate: Vapi GIDC Chemical Estate (manufacturing_chemical at 1.4 km)
ind_seed_0180,INDUSTRIAL_FIRE,FIRMS_OSM_INDUSTRIAL_WEAK,WEAK_LABEL,20.976,85.236,2026-09-06T05:12:00Z,,46.8,1.55,aluminum_smelter,"B02,B03,B04,B08,B11,B12",samples/ind_seed_0180.npz,ACCEPTABLE,Industrial benchmark candidate: Angul Industrial Smelter (aluminum_smelter at 1.55 km)
ind_seed_0181,INDUSTRIAL_FIRE,FIRMS_OSM_INDUSTRIAL_WEAK,WEAK_LABEL,22.524,69.974,2026-09-06T05:12:00Z,,5.0,0.2,refinery,"B02,B03,B04,B08,B11,B12",samples/ind_seed_0181.npz,GOOD,Industrial benchmark candidate: Jamnagar Refinery Complex (refinery at 0.2 km)
ind_seed_0182,INDUSTRIAL_FIRE,FIRMS_OSM_INDUSTRIAL_WEAK,WEAK_LABEL,21.324,81.524,2026-09-06T05:12:00Z,,7.2,0.35,steel_mill,"B02,B03,B04,B08,B11,B12",samples/ind_seed_0182.npz,GOOD,Industrial benchmark candidate: Bhilai Steel Plant (steel_mill at 0.35 km)
ind_seed_0183,INDUSTRIAL_FIRE,FIRMS_OSM_INDUSTRIAL_WEAK,WEAK_LABEL,21.254,72.794,2026-09-06T05:12:00Z,,9.4,0.5,chemical_petrochemical,"B02,B03,B04,B08,B11,B12",samples/ind_seed_0183.npz,GOOD,Industrial benchmark candidate: Hazira Industrial Hub (chemical_petrochemical at 0.5 km)
ind_seed_0184,INDUSTRIAL_FIRE,FIRMS_OSM_INDUSTRIAL_WEAK,WEAK_LABEL,17.774,83.324,2026-09-06T05:12:00Z,,11.6,0.65,metallurgy_port,"B02,B03,B04,B08,B11,B12",samples/ind_seed_0184.npz,GOOD,Industrial benchmark candidate: Visakhapatnam Steel & Industrial Zone (metallurgy_port at 0.65 km)
ind_seed_0185,INDUSTRIAL_FIRE,FIRMS_OSM_INDUSTRIAL_WEAK,WEAK_LABEL,13.304,80.404,2026-09-06T05:12:00Z,,13.8,0.8,petrochemical,"B02,B03,B04,B08,B11,B12",samples/ind_seed_0185.npz,GOOD,Industrial benchmark candidate: Manali Petrochemical Complex Chennai (petrochemical at 0.8 km)
ind_seed_0186,INDUSTRIAL_FIRE,FIRMS_OSM_INDUSTRIAL_WEAK,WEAK_LABEL,24.344,82.814,2026-09-06T05:12:00Z,,16.0,0.95,power_plant,"B02,B03,B04,B08,B11,B12",samples/ind_seed_0186.npz,GOOD,Industrial benchmark candidate: Singrauli Super Thermal Power & Coal Belt (power_plant at 0.95 km)
ind_seed_0187,INDUSTRIAL_FIRE,FIRMS_OSM_INDUSTRIAL_WEAK,WEAK_LABEL,22.364,85.004,2026-09-06T05:12:00Z,,18.2,1.1,steel_works,"B02,B03,B04,B08,B11,B12",samples/ind_seed_0187.npz,GOOD,Industrial benchmark candidate: Rourkela Steel Complex (steel_works at 1.1 km)
ind_seed_0188,INDUSTRIAL_FIRE,FIRMS_OSM_INDUSTRIAL_WEAK,WEAK_LABEL,21.854,72.724,2026-09-06T05:12:00Z,,20.4,1.25,chemical_storage,"B02,B03,B04,B08,B11,B12",samples/ind_seed_0188.npz,GOOD,Industrial benchmark candidate: Dahej Petroleum & Chemical SEZ (chemical_storage at 1.25 km)
ind_seed_0189,INDUSTRIAL_FIRE,FIRMS_OSM_INDUSTRIAL_WEAK,WEAK_LABEL,20.514,73.054,2026-09-06T05:12:00Z,,22.6,1.4,manufacturing_chemical,"B02,B03,B04,B08,B11,B12",samples/ind_seed_0189.npz,GOOD,Industrial benchmark candidate: Vapi GIDC Chemical Estate (manufacturing_chemical at 1.4 km)
ind_seed_0190,INDUSTRIAL_FIRE,FIRMS_OSM_INDUSTRIAL_WEAK,WEAK_LABEL,20.984,85.244,2026-09-06T05:12:00Z,,24.8,1.55,aluminum_smelter,"B02,B03,B04,B08,B11,B12",samples/ind_seed_0190.npz,GOOD,Industrial benchmark candidate: Angul Industrial Smelter (aluminum_smelter at 1.55 km)
ind_seed_0191,INDUSTRIAL_FIRE,FIRMS_OSM_INDUSTRIAL_WEAK,WEAK_LABEL,22.532,69.982,2026-09-06T05:12:00Z,,27.0,0.2,refinery,"B02,B03,B04,B08,B11,B12",samples/ind_seed_0191.npz,GOOD,Industrial benchmark candidate: Jamnagar Refinery Complex (refinery at 0.2 km)
ind_seed_0192,INDUSTRIAL_FIRE,FIRMS_OSM_INDUSTRIAL_WEAK,WEAK_LABEL,21.332,81.532,2026-09-06T05:12:00Z,,29.2,0.35,steel_mill,"B02,B03,B04,B08,B11,B12",samples/ind_seed_0192.npz,GOOD,Industrial benchmark candidate: Bhilai Steel Plant (steel_mill at 0.35 km)
ind_seed_0193,INDUSTRIAL_FIRE,FIRMS_OSM_INDUSTRIAL_WEAK,WEAK_LABEL,21.262,72.802,2026-09-06T05:12:00Z,,31.4,0.5,chemical_petrochemical,"B02,B03,B04,B08,B11,B12",samples/ind_seed_0193.npz,ACCEPTABLE,Industrial benchmark candidate: Hazira Industrial Hub (chemical_petrochemical at 0.5 km)
ind_seed_0194,INDUSTRIAL_FIRE,FIRMS_OSM_INDUSTRIAL_WEAK,WEAK_LABEL,17.782,83.332,2026-09-06T05:12:00Z,,33.6,0.65,metallurgy_port,"B02,B03,B04,B08,B11,B12",samples/ind_seed_0194.npz,ACCEPTABLE,Industrial benchmark candidate: Visakhapatnam Steel & Industrial Zone (metallurgy_port at 0.65 km)
ind_seed_0195,INDUSTRIAL_FIRE,FIRMS_OSM_INDUSTRIAL_WEAK,WEAK_LABEL,13.312,80.412,2026-09-06T05:12:00Z,,35.8,0.8,petrochemical,"B02,B03,B04,B08,B11,B12",samples/ind_seed_0195.npz,ACCEPTABLE,Industrial benchmark candidate: Manali Petrochemical Complex Chennai (petrochemical at 0.8 km)
ind_seed_0196,INDUSTRIAL_FIRE,FIRMS_OSM_INDUSTRIAL_WEAK,WEAK_LABEL,24.352,82.822,2026-09-06T05:12:00Z,,38.0,0.95,power_plant,"B02,B03,B04,B08,B11,B12",samples/ind_seed_0196.npz,ACCEPTABLE,Industrial benchmark candidate: Singrauli Super Thermal Power & Coal Belt (power_plant at 0.95 km)
ind_seed_0197,INDUSTRIAL_FIRE,FIRMS_OSM_INDUSTRIAL_WEAK,WEAK_LABEL,22.372,85.012,2026-09-06T05:12:00Z,,40.2,1.1,steel_works,"B02,B03,B04,B08,B11,B12",samples/ind_seed_0197.npz,ACCEPTABLE,Industrial benchmark candidate: Rourkela Steel Complex (steel_works at 1.1 km)
ind_seed_0198,INDUSTRIAL_FIRE,FIRMS_OSM_INDUSTRIAL_WEAK,WEAK_LABEL,21.862,72.732,2026-09-06T05:12:00Z,,42.4,1.25,chemical_storage,"B02,B03,B04,B08,B11,B12",samples/ind_seed_0198.npz,ACCEPTABLE,Industrial benchmark candidate: Dahej Petroleum & Chemical SEZ (chemical_storage at 1.25 km)
ind_seed_0199,INDUSTRIAL_FIRE,FIRMS_OSM_INDUSTRIAL_WEAK,WEAK_LABEL,20.522,73.062,2026-09-06T05:12:00Z,,44.6,1.4,manufacturing_chemical,"B02,B03,B04,B08,B11,B12",samples/ind_seed_0199.npz,ACCEPTABLE,Industrial benchmark candidate: Vapi GIDC Chemical Estate (manufacturing_chemical at 1.4 km)
ind_seed_0200,INDUSTRIAL_FIRE,FIRMS_OSM_INDUSTRIAL_WEAK,WEAK_LABEL,20.992,85.252,2026-09-06T05:12:00Z,,46.8,1.55,aluminum_smelter,"B02,B03,B04,B08,B11,B12",samples/ind_seed_0200.npz,ACCEPTABLE,Industrial benchmark candidate: Angul Industrial Smelter (aluminum_smelter at 1.55 km)
ind_seed_0201,INDUSTRIAL_FIRE,FIRMS_OSM_INDUSTRIAL_WEAK,WEAK_LABEL,22.54,69.99,2026-09-06T05:12:00Z,,5.0,0.2,refinery,"B02,B03,B04,B08,B11,B12",samples/ind_seed_0201.npz,GOOD,Industrial benchmark candidate: Jamnagar Refinery Complex (refinery at 0.2 km)
ind_seed_0202,INDUSTRIAL_FIRE,FIRMS_OSM_INDUSTRIAL_WEAK,WEAK_LABEL,21.34,81.54,2026-09-06T05:12:00Z,,7.2,0.35,steel_mill,"B02,B03,B04,B08,B11,B12",samples/ind_seed_0202.npz,GOOD,Industrial benchmark candidate: Bhilai Steel Plant (steel_mill at 0.35 km)
ind_seed_0203,INDUSTRIAL_FIRE,FIRMS_OSM_INDUSTRIAL_WEAK,WEAK_LABEL,21.27,72.81,2026-09-06T05:12:00Z,,9.4,0.5,chemical_petrochemical,"B02,B03,B04,B08,B11,B12",samples/ind_seed_0203.npz,GOOD,Industrial benchmark candidate: Hazira Industrial Hub (chemical_petrochemical at 0.5 km)
ind_seed_0204,INDUSTRIAL_FIRE,FIRMS_OSM_INDUSTRIAL_WEAK,WEAK_LABEL,17.79,83.34,2026-09-06T05:12:00Z,,11.6,0.65,metallurgy_port,"B02,B03,B04,B08,B11,B12",samples/ind_seed_0204.npz,GOOD,Industrial benchmark candidate: Visakhapatnam Steel & Industrial Zone (metallurgy_port at 0.65 km)
ind_seed_0205,INDUSTRIAL_FIRE,FIRMS_OSM_INDUSTRIAL_WEAK,WEAK_LABEL,13.32,80.42,2026-09-06T05:12:00Z,,13.8,0.8,petrochemical,"B02,B03,B04,B08,B11,B12",samples/ind_seed_0205.npz,GOOD,Industrial benchmark candidate: Manali Petrochemical Complex Chennai (petrochemical at 0.8 km)
ind_seed_0206,INDUSTRIAL_FIRE,FIRMS_OSM_INDUSTRIAL_WEAK,WEAK_LABEL,24.36,82.83,2026-09-06T05:12:00Z,,16.0,0.95,power_plant,"B02,B03,B04,B08,B11,B12",samples/ind_seed_0206.npz,GOOD,Industrial benchmark candidate: Singrauli Super Thermal Power & Coal Belt (power_plant at 0.95 km)
ind_seed_0207,INDUSTRIAL_FIRE,FIRMS_OSM_INDUSTRIAL_WEAK,WEAK_LABEL,22.38,85.02,2026-09-06T05:12:00Z,,18.2,1.1,steel_works,"B02,B03,B04,B08,B11,B12",samples/ind_seed_0207.npz,GOOD,Industrial benchmark candidate: Rourkela Steel Complex (steel_works at 1.1 km)
ind_seed_0208,INDUSTRIAL_FIRE,FIRMS_OSM_INDUSTRIAL_WEAK,WEAK_LABEL,21.87,72.74,2026-09-06T05:12:00Z,,20.4,1.25,chemical_storage,"B02,B03,B04,B08,B11,B12",samples/ind_seed_0208.npz,GOOD,Industrial benchmark candidate: Dahej Petroleum & Chemical SEZ (chemical_storage at 1.25 km)
ind_seed_0209,INDUSTRIAL_FIRE,FIRMS_OSM_INDUSTRIAL_WEAK,WEAK_LABEL,20.53,73.07,2026-09-06T05:12:00Z,,22.6,1.4,manufacturing_chemical,"B02,B03,B04,B08,B11,B12",samples/ind_seed_0209.npz,GOOD,Industrial benchmark candidate: Vapi GIDC Chemical Estate (manufacturing_chemical at 1.4 km)
ind_seed_0210,INDUSTRIAL_FIRE,FIRMS_OSM_INDUSTRIAL_WEAK,WEAK_LABEL,21.0,85.26,2026-09-06T05:12:00Z,,24.8,1.55,aluminum_smelter,"B02,B03,B04,B08,B11,B12",samples/ind_seed_0210.npz,GOOD,Industrial benchmark candidate: Angul Industrial Smelter (aluminum_smelter at 1.55 km)
ind_seed_0211,INDUSTRIAL_FIRE,FIRMS_OSM_INDUSTRIAL_WEAK,WEAK_LABEL,22.548,69.998,2026-09-06T05:12:00Z,,27.0,0.2,refinery,"B02,B03,B04,B08,B11,B12",samples/ind_seed_0211.npz,GOOD,Industrial benchmark candidate: Jamnagar Refinery Complex (refinery at 0.2 km)
ind_seed_0212,INDUSTRIAL_FIRE,FIRMS_OSM_INDUSTRIAL_WEAK,WEAK_LABEL,21.348,81.548,2026-09-06T05:12:00Z,,29.2,0.35,steel_mill,"B02,B03,B04,B08,B11,B12",samples/ind_seed_0212.npz,GOOD,Industrial benchmark candidate: Bhilai Steel Plant (steel_mill at 0.35 km)
ind_seed_0213,INDUSTRIAL_FIRE,FIRMS_OSM_INDUSTRIAL_WEAK,WEAK_LABEL,21.278,72.818,2026-09-06T05:12:00Z,,31.4,0.5,chemical_petrochemical,"B02,B03,B04,B08,B11,B12",samples/ind_seed_0213.npz,ACCEPTABLE,Industrial benchmark candidate: Hazira Industrial Hub (chemical_petrochemical at 0.5 km)
ind_seed_0214,INDUSTRIAL_FIRE,FIRMS_OSM_INDUSTRIAL_WEAK,WEAK_LABEL,17.798,83.348,2026-09-06T05:12:00Z,,33.6,0.65,metallurgy_port,"B02,B03,B04,B08,B11,B12",samples/ind_seed_0214.npz,ACCEPTABLE,Industrial benchmark candidate: Visakhapatnam Steel & Industrial Zone (metallurgy_port at 0.65 km)
ind_seed_0215,INDUSTRIAL_FIRE,FIRMS_OSM_INDUSTRIAL_WEAK,WEAK_LABEL,13.328,80.428,2026-09-06T05:12:00Z,,35.8,0.8,petrochemical,"B02,B03,B04,B08,B11,B12",samples/ind_seed_0215.npz,ACCEPTABLE,Industrial benchmark candidate: Manali Petrochemical Complex Chennai (petrochemical at 0.8 km)
ind_seed_0216,INDUSTRIAL_FIRE,FIRMS_OSM_INDUSTRIAL_WEAK,WEAK_LABEL,24.368,82.838,2026-09-06T05:12:00Z,,38.0,0.95,power_plant,"B02,B03,B04,B08,B11,B12",samples/ind_seed_0216.npz,ACCEPTABLE,Industrial benchmark candidate: Singrauli Super Thermal Power & Coal Belt (power_plant at 0.95 km)
ind_seed_0217,INDUSTRIAL_FIRE,FIRMS_OSM_INDUSTRIAL_WEAK,WEAK_LABEL,22.388,85.028,2026-09-06T05:12:00Z,,40.2,1.1,steel_works,"B02,B03,B04,B08,B11,B12",samples/ind_seed_0217.npz,ACCEPTABLE,Industrial benchmark candidate: Rourkela Steel Complex (steel_works at 1.1 km)
ind_seed_0218,INDUSTRIAL_FIRE,FIRMS_OSM_INDUSTRIAL_WEAK,WEAK_LABEL,21.878,72.748,2026-09-06T05:12:00Z,,42.4,1.25,chemical_storage,"B02,B03,B04,B08,B11,B12",samples/ind_seed_0218.npz,ACCEPTABLE,Industrial benchmark candidate: Dahej Petroleum & Chemical SEZ (chemical_storage at 1.25 km)
ind_seed_0219,INDUSTRIAL_FIRE,FIRMS_OSM_INDUSTRIAL_WEAK,WEAK_LABEL,20.538,73.078,2026-09-06T05:12:00Z,,44.6,1.4,manufacturing_chemical,"B02,B03,B04,B08,B11,B12",samples/ind_seed_0219.npz,ACCEPTABLE,Industrial benchmark candidate: Vapi GIDC Chemical Estate (manufacturing_chemical at 1.4 km)
ind_seed_0220,INDUSTRIAL_FIRE,FIRMS_OSM_INDUSTRIAL_WEAK,WEAK_LABEL,21.008,85.268,2026-09-06T05:12:00Z,,46.8,1.55,aluminum_smelter,"B02,B03,B04,B08,B11,B12",samples/ind_seed_0220.npz,ACCEPTABLE,Industrial benchmark candidate: Angul Industrial Smelter (aluminum_smelter at 1.55 km)
ind_seed_0221,INDUSTRIAL_FIRE,FIRMS_OSM_INDUSTRIAL_WEAK,WEAK_LABEL,22.556,70.006,2026-09-06T05:12:00Z,,5.0,0.2,refinery,"B02,B03,B04,B08,B11,B12",samples/ind_seed_0221.npz,GOOD,Industrial benchmark candidate: Jamnagar Refinery Complex (refinery at 0.2 km)
ind_seed_0222,INDUSTRIAL_FIRE,FIRMS_OSM_INDUSTRIAL_WEAK,WEAK_LABEL,21.356,81.556,2026-09-06T05:12:00Z,,7.2,0.35,steel_mill,"B02,B03,B04,B08,B11,B12",samples/ind_seed_0222.npz,GOOD,Industrial benchmark candidate: Bhilai Steel Plant (steel_mill at 0.35 km)
ind_seed_0223,INDUSTRIAL_FIRE,FIRMS_OSM_INDUSTRIAL_WEAK,WEAK_LABEL,21.286,72.826,2026-09-06T05:12:00Z,,9.4,0.5,chemical_petrochemical,"B02,B03,B04,B08,B11,B12",samples/ind_seed_0223.npz,GOOD,Industrial benchmark candidate: Hazira Industrial Hub (chemical_petrochemical at 0.5 km)
ind_seed_0224,INDUSTRIAL_FIRE,FIRMS_OSM_INDUSTRIAL_WEAK,WEAK_LABEL,17.806,83.356,2026-09-06T05:12:00Z,,11.6,0.65,metallurgy_port,"B02,B03,B04,B08,B11,B12",samples/ind_seed_0224.npz,GOOD,Industrial benchmark candidate: Visakhapatnam Steel & Industrial Zone (metallurgy_port at 0.65 km)
ind_seed_0225,INDUSTRIAL_FIRE,FIRMS_OSM_INDUSTRIAL_WEAK,WEAK_LABEL,13.336,80.436,2026-09-06T05:12:00Z,,13.8,0.8,petrochemical,"B02,B03,B04,B08,B11,B12",samples/ind_seed_0225.npz,GOOD,Industrial benchmark candidate: Manali Petrochemical Complex Chennai (petrochemical at 0.8 km)
ind_seed_0226,INDUSTRIAL_FIRE,FIRMS_OSM_INDUSTRIAL_WEAK,WEAK_LABEL,24.376,82.846,2026-09-06T05:12:00Z,,16.0,0.95,power_plant,"B02,B03,B04,B08,B11,B12",samples/ind_seed_0226.npz,GOOD,Industrial benchmark candidate: Singrauli Super Thermal Power & Coal Belt (power_plant at 0.95 km)
ind_seed_0227,INDUSTRIAL_FIRE,FIRMS_OSM_INDUSTRIAL_WEAK,WEAK_LABEL,22.396,85.036,2026-09-06T05:12:00Z,,18.2,1.1,steel_works,"B02,B03,B04,B08,B11,B12",samples/ind_seed_0227.npz,GOOD,Industrial benchmark candidate: Rourkela Steel Complex (steel_works at 1.1 km)
ind_seed_0228,INDUSTRIAL_FIRE,FIRMS_OSM_INDUSTRIAL_WEAK,WEAK_LABEL,21.886,72.756,2026-09-06T05:12:00Z,,20.4,1.25,chemical_storage,"B02,B03,B04,B08,B11,B12",samples/ind_seed_0228.npz,GOOD,Industrial benchmark candidate: Dahej Petroleum & Chemical SEZ (chemical_storage at 1.25 km)
ind_seed_0229,INDUSTRIAL_FIRE,FIRMS_OSM_INDUSTRIAL_WEAK,WEAK_LABEL,20.546,73.086,2026-09-06T05:12:00Z,,22.6,1.4,manufacturing_chemical,"B02,B03,B04,B08,B11,B12",samples/ind_seed_0229.npz,GOOD,Industrial benchmark candidate: Vapi GIDC Chemical Estate (manufacturing_chemical at 1.4 km)
ind_seed_0230,INDUSTRIAL_FIRE,FIRMS_OSM_INDUSTRIAL_WEAK,WEAK_LABEL,21.016,85.276,2026-09-06T05:12:00Z,,24.8,1.55,aluminum_smelter,"B02,B03,B04,B08,B11,B12",samples/ind_seed_0230.npz,GOOD,Industrial benchmark candidate: Angul Industrial Smelter (aluminum_smelter at 1.55 km)
ind_seed_0231,INDUSTRIAL_FIRE,FIRMS_OSM_INDUSTRIAL_WEAK,WEAK_LABEL,22.564,70.014,2026-09-06T05:12:00Z,,27.0,0.2,refinery,"B02,B03,B04,B08,B11,B12",samples/ind_seed_0231.npz,GOOD,Industrial benchmark candidate: Jamnagar Refinery Complex (refinery at 0.2 km)
ind_seed_0232,INDUSTRIAL_FIRE,FIRMS_OSM_INDUSTRIAL_WEAK,WEAK_LABEL,21.364,81.564,2026-09-06T05:12:00Z,,29.2,0.35,steel_mill,"B02,B03,B04,B08,B11,B12",samples/ind_seed_0232.npz,GOOD,Industrial benchmark candidate: Bhilai Steel Plant (steel_mill at 0.35 km)
ind_seed_0233,INDUSTRIAL_FIRE,FIRMS_OSM_INDUSTRIAL_WEAK,WEAK_LABEL,21.294,72.834,2026-09-06T05:12:00Z,,31.4,0.5,chemical_petrochemical,"B02,B03,B04,B08,B11,B12",samples/ind_seed_0233.npz,ACCEPTABLE,Industrial benchmark candidate: Hazira Industrial Hub (chemical_petrochemical at 0.5 km)
ind_seed_0234,INDUSTRIAL_FIRE,FIRMS_OSM_INDUSTRIAL_WEAK,WEAK_LABEL,17.814,83.364,2026-09-06T05:12:00Z,,33.6,0.65,metallurgy_port,"B02,B03,B04,B08,B11,B12",samples/ind_seed_0234.npz,ACCEPTABLE,Industrial benchmark candidate: Visakhapatnam Steel & Industrial Zone (metallurgy_port at 0.65 km)
ind_seed_0235,INDUSTRIAL_FIRE,FIRMS_OSM_INDUSTRIAL_WEAK,WEAK_LABEL,13.344,80.444,2026-09-06T05:12:00Z,,35.8,0.8,petrochemical,"B02,B03,B04,B08,B11,B12",samples/ind_seed_0235.npz,ACCEPTABLE,Industrial benchmark candidate: Manali Petrochemical Complex Chennai (petrochemical at 0.8 km)
ind_seed_0236,INDUSTRIAL_FIRE,FIRMS_OSM_INDUSTRIAL_WEAK,WEAK_LABEL,24.384,82.854,2026-09-06T05:12:00Z,,38.0,0.95,power_plant,"B02,B03,B04,B08,B11,B12",samples/ind_seed_0236.npz,ACCEPTABLE,Industrial benchmark candidate: Singrauli Super Thermal Power & Coal Belt (power_plant at 0.95 km)
ind_seed_0237,INDUSTRIAL_FIRE,FIRMS_OSM_INDUSTRIAL_WEAK,WEAK_LABEL,22.404,85.044,2026-09-06T05:12:00Z,,40.2,1.1,steel_works,"B02,B03,B04,B08,B11,B12",samples/ind_seed_0237.npz,ACCEPTABLE,Industrial benchmark candidate: Rourkela Steel Complex (steel_works at 1.1 km)
ind_seed_0238,INDUSTRIAL_FIRE,FIRMS_OSM_INDUSTRIAL_WEAK,WEAK_LABEL,21.894,72.764,2026-09-06T05:12:00Z,,42.4,1.25,chemical_storage,"B02,B03,B04,B08,B11,B12",samples/ind_seed_0238.npz,ACCEPTABLE,Industrial benchmark candidate: Dahej Petroleum & Chemical SEZ (chemical_storage at 1.25 km)
ind_seed_0239,INDUSTRIAL_FIRE,FIRMS_OSM_INDUSTRIAL_WEAK,WEAK_LABEL,20.554,73.094,2026-09-06T05:12:00Z,,44.6,1.4,manufacturing_chemical,"B02,B03,B04,B08,B11,B12",samples/ind_seed_0239.npz,ACCEPTABLE,Industrial benchmark candidate: Vapi GIDC Chemical Estate (manufacturing_chemical at 1.4 km)
ind_seed_0240,INDUSTRIAL_FIRE,FIRMS_OSM_INDUSTRIAL_WEAK,WEAK_LABEL,21.024,85.284,2026-09-06T05:12:00Z,,46.8,1.55,aluminum_smelter,"B02,B03,B04,B08,B11,B12",samples/ind_seed_0240.npz,ACCEPTABLE,Industrial benchmark candidate: Angul Industrial Smelter (aluminum_smelter at 1.55 km)
ind_seed_0241,INDUSTRIAL_FIRE,FIRMS_OSM_INDUSTRIAL_WEAK,WEAK_LABEL,22.572,70.022,2026-09-06T05:12:00Z,,5.0,0.2,refinery,"B02,B03,B04,B08,B11,B12",samples/ind_seed_0241.npz,GOOD,Industrial benchmark candidate: Jamnagar Refinery Complex (refinery at 0.2 km)
ind_seed_0242,INDUSTRIAL_FIRE,FIRMS_OSM_INDUSTRIAL_WEAK,WEAK_LABEL,21.372,81.572,2026-09-06T05:12:00Z,,7.2,0.35,steel_mill,"B02,B03,B04,B08,B11,B12",samples/ind_seed_0242.npz,GOOD,Industrial benchmark candidate: Bhilai Steel Plant (steel_mill at 0.35 km)
ind_seed_0243,INDUSTRIAL_FIRE,FIRMS_OSM_INDUSTRIAL_WEAK,WEAK_LABEL,21.302,72.842,2026-09-06T05:12:00Z,,9.4,0.5,chemical_petrochemical,"B02,B03,B04,B08,B11,B12",samples/ind_seed_0243.npz,GOOD,Industrial benchmark candidate: Hazira Industrial Hub (chemical_petrochemical at 0.5 km)
ind_seed_0244,INDUSTRIAL_FIRE,FIRMS_OSM_INDUSTRIAL_WEAK,WEAK_LABEL,17.822,83.372,2026-09-06T05:12:00Z,,11.6,0.65,metallurgy_port,"B02,B03,B04,B08,B11,B12",samples/ind_seed_0244.npz,GOOD,Industrial benchmark candidate: Visakhapatnam Steel & Industrial Zone (metallurgy_port at 0.65 km)
ind_seed_0245,INDUSTRIAL_FIRE,FIRMS_OSM_INDUSTRIAL_WEAK,WEAK_LABEL,13.352,80.452,2026-09-06T05:12:00Z,,13.8,0.8,petrochemical,"B02,B03,B04,B08,B11,B12",samples/ind_seed_0245.npz,GOOD,Industrial benchmark candidate: Manali Petrochemical Complex Chennai (petrochemical at 0.8 km)
ind_seed_0246,INDUSTRIAL_FIRE,FIRMS_OSM_INDUSTRIAL_WEAK,WEAK_LABEL,24.392,82.862,2026-09-06T05:12:00Z,,16.0,0.95,power_plant,"B02,B03,B04,B08,B11,B12",samples/ind_seed_0246.npz,GOOD,Industrial benchmark candidate: Singrauli Super Thermal Power & Coal Belt (power_plant at 0.95 km)
ind_seed_0247,INDUSTRIAL_FIRE,FIRMS_OSM_INDUSTRIAL_WEAK,WEAK_LABEL,22.412,85.052,2026-09-06T05:12:00Z,,18.2,1.1,steel_works,"B02,B03,B04,B08,B11,B12",samples/ind_seed_0247.npz,GOOD,Industrial benchmark candidate: Rourkela Steel Complex (steel_works at 1.1 km)
ind_seed_0248,INDUSTRIAL_FIRE,FIRMS_OSM_INDUSTRIAL_WEAK,WEAK_LABEL,21.902,72.772,2026-09-06T05:12:00Z,,20.4,1.25,chemical_storage,"B02,B03,B04,B08,B11,B12",samples/ind_seed_0248.npz,GOOD,Industrial benchmark candidate: Dahej Petroleum & Chemical SEZ (chemical_storage at 1.25 km)
ind_seed_0249,INDUSTRIAL_FIRE,FIRMS_OSM_INDUSTRIAL_WEAK,WEAK_LABEL,20.562,73.102,2026-09-06T05:12:00Z,,22.6,1.4,manufacturing_chemical,"B02,B03,B04,B08,B11,B12",samples/ind_seed_0249.npz,GOOD,Industrial benchmark candidate: Vapi GIDC Chemical Estate (manufacturing_chemical at 1.4 km)
ind_seed_0250,INDUSTRIAL_FIRE,FIRMS_OSM_INDUSTRIAL_WEAK,WEAK_LABEL,21.032,85.292,2026-09-06T05:12:00Z,,24.8,1.55,aluminum_smelter,"B02,B03,B04,B08,B11,B12",samples/ind_seed_0250.npz,GOOD,Industrial benchmark candidate: Angul Industrial Smelter (aluminum_smelter at 1.55 km)
nf_fore_0001,NON_FIRE,DIVERSE_GEOGRAPHIC_BACKGROUND,GROUND_TRUTH,21.1242,70.8242,2026-09-06T05:20:00Z,,2.0,,,"B02,B03,B04,B08,B11,B12",samples/nf_fore_0001.npz,GOOD,"Non-fire background sample: Gir Forest Gujarat (forest, Gujarat)"
nf_fore_0002,NON_FIRE,DIVERSE_GEOGRAPHIC_BACKGROUND,GROUND_TRUTH,11.13,76.45,2026-09-06T05:20:00Z,,4.5,,,"B02,B03,B04,B08,B11,B12",samples/nf_fore_0002.npz,GOOD,"Non-fire background sample: Silent Valley Kerala (forest, Kerala)"
nf_fore_0003,NON_FIRE,DIVERSE_GEOGRAPHIC_BACKGROUND,GROUND_TRUTH,22.3345,80.6115,2026-09-06T05:20:00Z,,7.0,,,"B02,B03,B04,B08,B11,B12",samples/nf_fore_0003.npz,GOOD,"Non-fire background sample: Kanha National Park Madhya Pradesh (forest, Madhya Pradesh)"
nf_mang_0004,NON_FIRE,DIVERSE_GEOGRAPHIC_BACKGROUND,WEAK_LABEL,21.9497,89.1833,2026-09-06T05:20:00Z,,9.5,,,"B02,B03,B04,B08,B11,B12",samples/nf_mang_0004.npz,GOOD,"Non-fire background sample: Sundarbans Delta West Bengal (mangrove_forest, West Bengal)"
nf_wetl_0005,NON_FIRE,DIVERSE_GEOGRAPHIC_BACKGROUND,WEAK_LABEL,26.5775,93.1711,2026-09-06T05:20:00Z,,12.0,,,"B02,B03,B04,B08,B11,B12",samples/nf_wetl_0005.npz,GOOD,"Non-fire background sample: Kaziranga National Park Assam (wetland_forest, Assam)"
nf_agri_0006,NON_FIRE,DIVERSE_GEOGRAPHIC_BACKGROUND,WEAK_LABEL,30.901,75.8573,2026-09-06T05:20:00Z,,14.5,,,"B02,B03,B04,B08,B11,B12",samples/nf_agri_0006.npz,GOOD,"Non-fire background sample: Ludhiana Agricultural Belt Punjab (agricultural, Punjab)"
nf_agri_0007,NON_FIRE,DIVERSE_GEOGRAPHIC_BACKGROUND,WEAK_LABEL,16.7107,81.6358,2026-09-06T05:20:00Z,,17.0,,,"B02,B03,B04,B08,B11,B12",samples/nf_agri_0007.npz,GOOD,"Non-fire background sample: Godavari Delta Farmlands Andhra Pradesh (agricultural, Andhra Pradesh)"
nf_agri_0008,NON_FIRE,DIVERSE_GEOGRAPHIC_BACKGROUND,WEAK_LABEL,29.6857,76.9905,2026-09-06T05:20:00Z,,19.5,,,"B02,B03,B04,B08,B11,B12",samples/nf_agri_0008.npz,GOOD,"Non-fire background sample: Karnal Rice-Wheat Belt Haryana (agricultural, Haryana)"
nf_agri_0009,NON_FIRE,DIVERSE_GEOGRAPHIC_BACKGROUND,WEAK_LABEL,10.787,79.1378,2026-09-06T05:20:00Z,,22.0,,,"B02,B03,B04,B08,B11,B12",samples/nf_agri_0009.npz,GOOD,"Non-fire background sample: Thanjavur Cauvery Delta Tamil Nadu (agricultural, Tamil Nadu)"
nf_agri_0010,NON_FIRE,DIVERSE_GEOGRAPHIC_BACKGROUND,WEAK_LABEL,20.9374,77.7796,2026-09-06T05:20:00Z,,24.5,,,"B02,B03,B04,B08,B11,B12",samples/nf_agri_0010.npz,GOOD,"Non-fire background sample: Vidarbha Agricultural Basin Maharashtra (agricultural, Maharashtra)"
nf_urba_0011,NON_FIRE,DIVERSE_GEOGRAPHIC_BACKGROUND,WEAK_LABEL,12.8452,77.6602,2026-09-06T05:20:00Z,,27.0,,,"B02,B03,B04,B08,B11,B12",samples/nf_urba_0011.npz,GOOD,"Non-fire background sample: Bengaluru Electronic City Karnataka (urban, Karnataka)"
nf_urba_0012,NON_FIRE,DIVERSE_GEOGRAPHIC_BACKGROUND,WEAK_LABEL,17.4435,78.3772,2026-09-06T05:20:00Z,,29.5,,,"B02,B03,B04,B08,B11,B12",samples/nf_urba_0012.npz,GOOD,"Non-fire background sample: Hyderabad HITEC City Telangana (urban, Telangana)"
nf_urba_0013,NON_FIRE,DIVERSE_GEOGRAPHIC_BACKGROUND,WEAK_LABEL,18.5913,73.7389,2026-09-06T05:20:00Z,,32.0,,,"B02,B03,B04,B08,B11,B12",samples/nf_urba_0013.npz,ACCEPTABLE,"Non-fire background sample: Pune IT Park Hinjawadi Maharashtra (urban, Maharashtra)"
nf_urba_0014,NON_FIRE,DIVERSE_GEOGRAPHIC_BACKGROUND,WEAK_LABEL,28.628,77.3649,2026-09-06T05:20:00Z,,34.5,,,"B02,B03,B04,B08,B11,B12",samples/nf_urba_0014.npz,ACCEPTABLE,"Non-fire background sample: Noida Sector 62 Uttar Pradesh (urban, Uttar Pradesh)"
nf_urba_0015,NON_FIRE,DIVERSE_GEOGRAPHIC_BACKGROUND,WEAK_LABEL,23.0338,72.5085,2026-09-06T05:20:00Z,,37.0,,,"B02,B03,B04,B08,B11,B12",samples/nf_urba_0015.npz,ACCEPTABLE,"Non-fire background sample: Ahmedabad SG Highway Gujarat (urban, Gujarat)"
nf_indu_0016,NON_FIRE,DIVERSE_GEOGRAPHIC_BACKGROUND,WEAK_LABEL,12.9699,79.9431,2026-09-06T05:20:00Z,,39.5,0.5,non_burning_industrial,"B02,B03,B04,B08,B11,B12",samples/nf_indu_0016.npz,ACCEPTABLE,"Non-fire background sample: Sriperumbudur Industrial Corridor Tamil Nadu (industrial_surroundings, Tamil Nadu)"
nf_indu_0017,NON_FIRE,DIVERSE_GEOGRAPHIC_BACKGROUND,WEAK_LABEL,22.9868,72.3807,2026-09-06T05:20:00Z,,42.0,0.5,non_burning_industrial,"B02,B03,B04,B08,B11,B12",samples/nf_indu_0017.npz,ACCEPTABLE,"Non-fire background sample: Sanand Automotive Hub Gujarat (industrial_surroundings, Gujarat)"
nf_indu_0018,NON_FIRE,DIVERSE_GEOGRAPHIC_BACKGROUND,WEAK_LABEL,22.6148,75.6888,2026-09-06T05:20:00Z,,44.5,0.5,non_burning_industrial,"B02,B03,B04,B08,B11,B12",samples/nf_indu_0018.npz,ACCEPTABLE,"Non-fire background sample: Pithampur Industrial Area Madhya Pradesh (industrial_surroundings, Madhya Pradesh)"
nf_wate_0019,NON_FIRE,DIVERSE_GEOGRAPHIC_BACKGROUND,GROUND_TRUTH,19.7167,85.3167,2026-09-06T05:20:00Z,,2.0,,,"B02,B03,B04,B08,B11,B12",samples/nf_wate_0019.npz,GOOD,"Non-fire background sample: Chilika Lake Odisha (water_body, Odisha)"
nf_arid_0020,NON_FIRE,DIVERSE_GEOGRAPHIC_BACKGROUND,GROUND_TRUTH,26.9157,70.9083,2026-09-06T05:20:00Z,,4.5,,,"B02,B03,B04,B08,B11,B12",samples/nf_arid_0020.npz,GOOD,"Non-fire background sample: Thar Desert Jaisalmer Rajasthan (arid_desert, Rajasthan)"
nf_wate_0021,NON_FIRE,DIVERSE_GEOGRAPHIC_BACKGROUND,GROUND_TRUTH,9.61,76.4,2026-09-06T05:20:00Z,,7.0,,,"B02,B03,B04,B08,B11,B12",samples/nf_wate_0021.npz,GOOD,"Non-fire background sample: Vembanad Lake Kerala (water_body, Kerala)"
nf_arid_0022,NON_FIRE,DIVERSE_GEOGRAPHIC_BACKGROUND,WEAK_LABEL,23.8333,70.5,2026-09-06T05:20:00Z,,9.5,,,"B02,B03,B04,B08,B11,B12",samples/nf_arid_0022.npz,GOOD,"Non-fire background sample: Rann of Kutch Salt Marsh Gujarat (arid_salt_marsh, Gujarat)"
nf_fore_0023,NON_FIRE,DIVERSE_GEOGRAPHIC_BACKGROUND,GROUND_TRUTH,21.1362,70.8122,2026-09-06T05:20:00Z,,12.0,,,"B02,B03,B04,B08,B11,B12",samples/nf_fore_0023.npz,GOOD,"Non-fire background sample: Gir Forest Gujarat (forest, Gujarat)"
nf_fore_0024,NON_FIRE,DIVERSE_GEOGRAPHIC_BACKGROUND,GROUND_TRUTH,11.118,76.438,2026-09-06T05:20:00Z,,14.5,,,"B02,B03,B04,B08,B11,B12",samples/nf_fore_0024.npz,GOOD,"Non-fire background sample: Silent Valley Kerala (forest, Kerala)"
nf_fore_0025,NON_FIRE,DIVERSE_GEOGRAPHIC_BACKGROUND,GROUND_TRUTH,22.3465,80.6235,2026-09-06T05:20:00Z,,17.0,,,"B02,B03,B04,B08,B11,B12",samples/nf_fore_0025.npz,GOOD,"Non-fire background sample: Kanha National Park Madhya Pradesh (forest, Madhya Pradesh)"
nf_mang_0026,NON_FIRE,DIVERSE_GEOGRAPHIC_BACKGROUND,WEAK_LABEL,21.9377,89.1953,2026-09-06T05:20:00Z,,19.5,,,"B02,B03,B04,B08,B11,B12",samples/nf_mang_0026.npz,GOOD,"Non-fire background sample: Sundarbans Delta West Bengal (mangrove_forest, West Bengal)"
nf_wetl_0027,NON_FIRE,DIVERSE_GEOGRAPHIC_BACKGROUND,WEAK_LABEL,26.5895,93.1591,2026-09-06T05:20:00Z,,22.0,,,"B02,B03,B04,B08,B11,B12",samples/nf_wetl_0027.npz,GOOD,"Non-fire background sample: Kaziranga National Park Assam (wetland_forest, Assam)"
nf_agri_0028,NON_FIRE,DIVERSE_GEOGRAPHIC_BACKGROUND,WEAK_LABEL,30.889,75.8453,2026-09-06T05:20:00Z,,24.5,,,"B02,B03,B04,B08,B11,B12",samples/nf_agri_0028.npz,GOOD,"Non-fire background sample: Ludhiana Agricultural Belt Punjab (agricultural, Punjab)"
nf_agri_0029,NON_FIRE,DIVERSE_GEOGRAPHIC_BACKGROUND,WEAK_LABEL,16.7227,81.6478,2026-09-06T05:20:00Z,,27.0,,,"B02,B03,B04,B08,B11,B12",samples/nf_agri_0029.npz,GOOD,"Non-fire background sample: Godavari Delta Farmlands Andhra Pradesh (agricultural, Andhra Pradesh)"
nf_agri_0030,NON_FIRE,DIVERSE_GEOGRAPHIC_BACKGROUND,WEAK_LABEL,29.6737,77.0025,2026-09-06T05:20:00Z,,29.5,,,"B02,B03,B04,B08,B11,B12",samples/nf_agri_0030.npz,GOOD,"Non-fire background sample: Karnal Rice-Wheat Belt Haryana (agricultural, Haryana)"
nf_agri_0031,NON_FIRE,DIVERSE_GEOGRAPHIC_BACKGROUND,WEAK_LABEL,10.799,79.1258,2026-09-06T05:20:00Z,,32.0,,,"B02,B03,B04,B08,B11,B12",samples/nf_agri_0031.npz,ACCEPTABLE,"Non-fire background sample: Thanjavur Cauvery Delta Tamil Nadu (agricultural, Tamil Nadu)"
nf_agri_0032,NON_FIRE,DIVERSE_GEOGRAPHIC_BACKGROUND,WEAK_LABEL,20.9254,77.7676,2026-09-06T05:20:00Z,,34.5,,,"B02,B03,B04,B08,B11,B12",samples/nf_agri_0032.npz,ACCEPTABLE,"Non-fire background sample: Vidarbha Agricultural Basin Maharashtra (agricultural, Maharashtra)"
nf_urba_0033,NON_FIRE,DIVERSE_GEOGRAPHIC_BACKGROUND,WEAK_LABEL,12.8572,77.6722,2026-09-06T05:20:00Z,,37.0,,,"B02,B03,B04,B08,B11,B12",samples/nf_urba_0033.npz,ACCEPTABLE,"Non-fire background sample: Bengaluru Electronic City Karnataka (urban, Karnataka)"
nf_urba_0034,NON_FIRE,DIVERSE_GEOGRAPHIC_BACKGROUND,WEAK_LABEL,17.4315,78.3892,2026-09-06T05:20:00Z,,39.5,,,"B02,B03,B04,B08,B11,B12",samples/nf_urba_0034.npz,ACCEPTABLE,"Non-fire background sample: Hyderabad HITEC City Telangana (urban, Telangana)"
nf_urba_0035,NON_FIRE,DIVERSE_GEOGRAPHIC_BACKGROUND,WEAK_LABEL,18.6033,73.7269,2026-09-06T05:20:00Z,,42.0,,,"B02,B03,B04,B08,B11,B12",samples/nf_urba_0035.npz,ACCEPTABLE,"Non-fire background sample: Pune IT Park Hinjawadi Maharashtra (urban, Maharashtra)"
nf_urba_0036,NON_FIRE,DIVERSE_GEOGRAPHIC_BACKGROUND,WEAK_LABEL,28.616,77.3529,2026-09-06T05:20:00Z,,44.5,,,"B02,B03,B04,B08,B11,B12",samples/nf_urba_0036.npz,ACCEPTABLE,"Non-fire background sample: Noida Sector 62 Uttar Pradesh (urban, Uttar Pradesh)"
nf_urba_0037,NON_FIRE,DIVERSE_GEOGRAPHIC_BACKGROUND,WEAK_LABEL,23.0458,72.5205,2026-09-06T05:20:00Z,,2.0,,,"B02,B03,B04,B08,B11,B12",samples/nf_urba_0037.npz,GOOD,"Non-fire background sample: Ahmedabad SG Highway Gujarat (urban, Gujarat)"
nf_indu_0038,NON_FIRE,DIVERSE_GEOGRAPHIC_BACKGROUND,WEAK_LABEL,12.9579,79.9551,2026-09-06T05:20:00Z,,4.5,0.5,non_burning_industrial,"B02,B03,B04,B08,B11,B12",samples/nf_indu_0038.npz,GOOD,"Non-fire background sample: Sriperumbudur Industrial Corridor Tamil Nadu (industrial_surroundings, Tamil Nadu)"
nf_indu_0039,NON_FIRE,DIVERSE_GEOGRAPHIC_BACKGROUND,WEAK_LABEL,22.9988,72.3687,2026-09-06T05:20:00Z,,7.0,0.5,non_burning_industrial,"B02,B03,B04,B08,B11,B12",samples/nf_indu_0039.npz,GOOD,"Non-fire background sample: Sanand Automotive Hub Gujarat (industrial_surroundings, Gujarat)"
nf_indu_0040,NON_FIRE,DIVERSE_GEOGRAPHIC_BACKGROUND,WEAK_LABEL,22.6028,75.6768,2026-09-06T05:20:00Z,,9.5,0.5,non_burning_industrial,"B02,B03,B04,B08,B11,B12",samples/nf_indu_0040.npz,GOOD,"Non-fire background sample: Pithampur Industrial Area Madhya Pradesh (industrial_surroundings, Madhya Pradesh)"
nf_wate_0041,NON_FIRE,DIVERSE_GEOGRAPHIC_BACKGROUND,GROUND_TRUTH,19.7287,85.3287,2026-09-06T05:20:00Z,,12.0,,,"B02,B03,B04,B08,B11,B12",samples/nf_wate_0041.npz,GOOD,"Non-fire background sample: Chilika Lake Odisha (water_body, Odisha)"
nf_arid_0042,NON_FIRE,DIVERSE_GEOGRAPHIC_BACKGROUND,GROUND_TRUTH,26.9037,70.9203,2026-09-06T05:20:00Z,,14.5,,,"B02,B03,B04,B08,B11,B12",samples/nf_arid_0042.npz,GOOD,"Non-fire background sample: Thar Desert Jaisalmer Rajasthan (arid_desert, Rajasthan)"
nf_wate_0043,NON_FIRE,DIVERSE_GEOGRAPHIC_BACKGROUND,GROUND_TRUTH,9.622,76.388,2026-09-06T05:20:00Z,,17.0,,,"B02,B03,B04,B08,B11,B12",samples/nf_wate_0043.npz,GOOD,"Non-fire background sample: Vembanad Lake Kerala (water_body, Kerala)"
nf_arid_0044,NON_FIRE,DIVERSE_GEOGRAPHIC_BACKGROUND,WEAK_LABEL,23.8213,70.488,2026-09-06T05:20:00Z,,19.5,,,"B02,B03,B04,B08,B11,B12",samples/nf_arid_0044.npz,GOOD,"Non-fire background sample: Rann of Kutch Salt Marsh Gujarat (arid_salt_marsh, Gujarat)"
nf_fore_0045,NON_FIRE,DIVERSE_GEOGRAPHIC_BACKGROUND,GROUND_TRUTH,21.1482,70.8482,2026-09-06T05:20:00Z,,22.0,,,"B02,B03,B04,B08,B11,B12",samples/nf_fore_0045.npz,GOOD,"Non-fire background sample: Gir Forest Gujarat (forest, Gujarat)"
nf_fore_0046,NON_FIRE,DIVERSE_GEOGRAPHIC_BACKGROUND,GROUND_TRUTH,11.106,76.474,2026-09-06T05:20:00Z,,24.5,,,"B02,B03,B04,B08,B11,B12",samples/nf_fore_0046.npz,GOOD,"Non-fire background sample: Silent Valley Kerala (forest, Kerala)"
nf_fore_0047,NON_FIRE,DIVERSE_GEOGRAPHIC_BACKGROUND,GROUND_TRUTH,22.3585,80.5875,2026-09-06T05:20:00Z,,27.0,,,"B02,B03,B04,B08,B11,B12",samples/nf_fore_0047.npz,GOOD,"Non-fire background sample: Kanha National Park Madhya Pradesh (forest, Madhya Pradesh)"
nf_mang_0048,NON_FIRE,DIVERSE_GEOGRAPHIC_BACKGROUND,WEAK_LABEL,21.9257,89.1593,2026-09-06T05:20:00Z,,29.5,,,"B02,B03,B04,B08,B11,B12",samples/nf_mang_0048.npz,GOOD,"Non-fire background sample: Sundarbans Delta West Bengal (mangrove_forest, West Bengal)"
nf_wetl_0049,NON_FIRE,DIVERSE_GEOGRAPHIC_BACKGROUND,WEAK_LABEL,26.6015,93.1951,2026-09-06T05:20:00Z,,32.0,,,"B02,B03,B04,B08,B11,B12",samples/nf_wetl_0049.npz,ACCEPTABLE,"Non-fire background sample: Kaziranga National Park Assam (wetland_forest, Assam)"
nf_agri_0050,NON_FIRE,DIVERSE_GEOGRAPHIC_BACKGROUND,WEAK_LABEL,30.877,75.8813,2026-09-06T05:20:00Z,,34.5,,,"B02,B03,B04,B08,B11,B12",samples/nf_agri_0050.npz,ACCEPTABLE,"Non-fire background sample: Ludhiana Agricultural Belt Punjab (agricultural, Punjab)"
nf_agri_0051,NON_FIRE,DIVERSE_GEOGRAPHIC_BACKGROUND,WEAK_LABEL,16.7347,81.6118,2026-09-06T05:20:00Z,,37.0,,,"B02,B03,B04,B08,B11,B12",samples/nf_agri_0051.npz,ACCEPTABLE,"Non-fire background sample: Godavari Delta Farmlands Andhra Pradesh (agricultural, Andhra Pradesh)"
nf_agri_0052,NON_FIRE,DIVERSE_GEOGRAPHIC_BACKGROUND,WEAK_LABEL,29.6617,76.9665,2026-09-06T05:20:00Z,,39.5,,,"B02,B03,B04,B08,B11,B12",samples/nf_agri_0052.npz,ACCEPTABLE,"Non-fire background sample: Karnal Rice-Wheat Belt Haryana (agricultural, Haryana)"
nf_agri_0053,NON_FIRE,DIVERSE_GEOGRAPHIC_BACKGROUND,WEAK_LABEL,10.811,79.1618,2026-09-06T05:20:00Z,,42.0,,,"B02,B03,B04,B08,B11,B12",samples/nf_agri_0053.npz,ACCEPTABLE,"Non-fire background sample: Thanjavur Cauvery Delta Tamil Nadu (agricultural, Tamil Nadu)"
nf_agri_0054,NON_FIRE,DIVERSE_GEOGRAPHIC_BACKGROUND,WEAK_LABEL,20.9134,77.8036,2026-09-06T05:20:00Z,,44.5,,,"B02,B03,B04,B08,B11,B12",samples/nf_agri_0054.npz,ACCEPTABLE,"Non-fire background sample: Vidarbha Agricultural Basin Maharashtra (agricultural, Maharashtra)"
nf_urba_0055,NON_FIRE,DIVERSE_GEOGRAPHIC_BACKGROUND,WEAK_LABEL,12.8692,77.6362,2026-09-06T05:20:00Z,,2.0,,,"B02,B03,B04,B08,B11,B12",samples/nf_urba_0055.npz,GOOD,"Non-fire background sample: Bengaluru Electronic City Karnataka (urban, Karnataka)"
nf_urba_0056,NON_FIRE,DIVERSE_GEOGRAPHIC_BACKGROUND,WEAK_LABEL,17.4195,78.3532,2026-09-06T05:20:00Z,,4.5,,,"B02,B03,B04,B08,B11,B12",samples/nf_urba_0056.npz,GOOD,"Non-fire background sample: Hyderabad HITEC City Telangana (urban, Telangana)"
nf_urba_0057,NON_FIRE,DIVERSE_GEOGRAPHIC_BACKGROUND,WEAK_LABEL,18.6153,73.7629,2026-09-06T05:20:00Z,,7.0,,,"B02,B03,B04,B08,B11,B12",samples/nf_urba_0057.npz,GOOD,"Non-fire background sample: Pune IT Park Hinjawadi Maharashtra (urban, Maharashtra)"
nf_urba_0058,NON_FIRE,DIVERSE_GEOGRAPHIC_BACKGROUND,WEAK_LABEL,28.604,77.3889,2026-09-06T05:20:00Z,,9.5,,,"B02,B03,B04,B08,B11,B12",samples/nf_urba_0058.npz,GOOD,"Non-fire background sample: Noida Sector 62 Uttar Pradesh (urban, Uttar Pradesh)"
nf_urba_0059,NON_FIRE,DIVERSE_GEOGRAPHIC_BACKGROUND,WEAK_LABEL,23.0578,72.4845,2026-09-06T05:20:00Z,,12.0,,,"B02,B03,B04,B08,B11,B12",samples/nf_urba_0059.npz,GOOD,"Non-fire background sample: Ahmedabad SG Highway Gujarat (urban, Gujarat)"
nf_indu_0060,NON_FIRE,DIVERSE_GEOGRAPHIC_BACKGROUND,WEAK_LABEL,12.9459,79.9191,2026-09-06T05:20:00Z,,14.5,0.5,non_burning_industrial,"B02,B03,B04,B08,B11,B12",samples/nf_indu_0060.npz,GOOD,"Non-fire background sample: Sriperumbudur Industrial Corridor Tamil Nadu (industrial_surroundings, Tamil Nadu)"
nf_indu_0061,NON_FIRE,DIVERSE_GEOGRAPHIC_BACKGROUND,WEAK_LABEL,23.0108,72.4047,2026-09-06T05:20:00Z,,17.0,0.5,non_burning_industrial,"B02,B03,B04,B08,B11,B12",samples/nf_indu_0061.npz,GOOD,"Non-fire background sample: Sanand Automotive Hub Gujarat (industrial_surroundings, Gujarat)"
nf_indu_0062,NON_FIRE,DIVERSE_GEOGRAPHIC_BACKGROUND,WEAK_LABEL,22.5908,75.7128,2026-09-06T05:20:00Z,,19.5,0.5,non_burning_industrial,"B02,B03,B04,B08,B11,B12",samples/nf_indu_0062.npz,GOOD,"Non-fire background sample: Pithampur Industrial Area Madhya Pradesh (industrial_surroundings, Madhya Pradesh)"
nf_wate_0063,NON_FIRE,DIVERSE_GEOGRAPHIC_BACKGROUND,GROUND_TRUTH,19.7407,85.2927,2026-09-06T05:20:00Z,,22.0,,,"B02,B03,B04,B08,B11,B12",samples/nf_wate_0063.npz,GOOD,"Non-fire background sample: Chilika Lake Odisha (water_body, Odisha)"
nf_arid_0064,NON_FIRE,DIVERSE_GEOGRAPHIC_BACKGROUND,GROUND_TRUTH,26.8917,70.8843,2026-09-06T05:20:00Z,,24.5,,,"B02,B03,B04,B08,B11,B12",samples/nf_arid_0064.npz,GOOD,"Non-fire background sample: Thar Desert Jaisalmer Rajasthan (arid_desert, Rajasthan)"
nf_wate_0065,NON_FIRE,DIVERSE_GEOGRAPHIC_BACKGROUND,GROUND_TRUTH,9.634,76.424,2026-09-06T05:20:00Z,,27.0,,,"B02,B03,B04,B08,B11,B12",samples/nf_wate_0065.npz,GOOD,"Non-fire background sample: Vembanad Lake Kerala (water_body, Kerala)"
nf_arid_0066,NON_FIRE,DIVERSE_GEOGRAPHIC_BACKGROUND,WEAK_LABEL,23.8093,70.524,2026-09-06T05:20:00Z,,29.5,,,"B02,B03,B04,B08,B11,B12",samples/nf_arid_0066.npz,GOOD,"Non-fire background sample: Rann of Kutch Salt Marsh Gujarat (arid_salt_marsh, Gujarat)"
nf_fore_0067,NON_FIRE,DIVERSE_GEOGRAPHIC_BACKGROUND,GROUND_TRUTH,21.1602,70.7882,2026-09-06T05:20:00Z,,32.0,,,"B02,B03,B04,B08,B11,B12",samples/nf_fore_0067.npz,ACCEPTABLE,"Non-fire background sample: Gir Forest Gujarat (forest, Gujarat)"
nf_fore_0068,NON_FIRE,DIVERSE_GEOGRAPHIC_BACKGROUND,GROUND_TRUTH,11.094,76.414,2026-09-06T05:20:00Z,,34.5,,,"B02,B03,B04,B08,B11,B12",samples/nf_fore_0068.npz,ACCEPTABLE,"Non-fire background sample: Silent Valley Kerala (forest, Kerala)"
nf_fore_0069,NON_FIRE,DIVERSE_GEOGRAPHIC_BACKGROUND,GROUND_TRUTH,22.3705,80.6475,2026-09-06T05:20:00Z,,37.0,,,"B02,B03,B04,B08,B11,B12",samples/nf_fore_0069.npz,ACCEPTABLE,"Non-fire background sample: Kanha National Park Madhya Pradesh (forest, Madhya Pradesh)"
nf_mang_0070,NON_FIRE,DIVERSE_GEOGRAPHIC_BACKGROUND,WEAK_LABEL,21.9137,89.2193,2026-09-06T05:20:00Z,,39.5,,,"B02,B03,B04,B08,B11,B12",samples/nf_mang_0070.npz,ACCEPTABLE,"Non-fire background sample: Sundarbans Delta West Bengal (mangrove_forest, West Bengal)"
nf_wetl_0071,NON_FIRE,DIVERSE_GEOGRAPHIC_BACKGROUND,WEAK_LABEL,26.6135,93.1351,2026-09-06T05:20:00Z,,42.0,,,"B02,B03,B04,B08,B11,B12",samples/nf_wetl_0071.npz,ACCEPTABLE,"Non-fire background sample: Kaziranga National Park Assam (wetland_forest, Assam)"
nf_agri_0072,NON_FIRE,DIVERSE_GEOGRAPHIC_BACKGROUND,WEAK_LABEL,30.865,75.8213,2026-09-06T05:20:00Z,,44.5,,,"B02,B03,B04,B08,B11,B12",samples/nf_agri_0072.npz,ACCEPTABLE,"Non-fire background sample: Ludhiana Agricultural Belt Punjab (agricultural, Punjab)"
nf_agri_0073,NON_FIRE,DIVERSE_GEOGRAPHIC_BACKGROUND,WEAK_LABEL,16.7467,81.6718,2026-09-06T05:20:00Z,,2.0,,,"B02,B03,B04,B08,B11,B12",samples/nf_agri_0073.npz,GOOD,"Non-fire background sample: Godavari Delta Farmlands Andhra Pradesh (agricultural, Andhra Pradesh)"
nf_agri_0074,NON_FIRE,DIVERSE_GEOGRAPHIC_BACKGROUND,WEAK_LABEL,29.6497,77.0265,2026-09-06T05:20:00Z,,4.5,,,"B02,B03,B04,B08,B11,B12",samples/nf_agri_0074.npz,GOOD,"Non-fire background sample: Karnal Rice-Wheat Belt Haryana (agricultural, Haryana)"
nf_agri_0075,NON_FIRE,DIVERSE_GEOGRAPHIC_BACKGROUND,WEAK_LABEL,10.823,79.1018,2026-09-06T05:20:00Z,,7.0,,,"B02,B03,B04,B08,B11,B12",samples/nf_agri_0075.npz,GOOD,"Non-fire background sample: Thanjavur Cauvery Delta Tamil Nadu (agricultural, Tamil Nadu)"
nf_agri_0076,NON_FIRE,DIVERSE_GEOGRAPHIC_BACKGROUND,WEAK_LABEL,20.9014,77.7436,2026-09-06T05:20:00Z,,9.5,,,"B02,B03,B04,B08,B11,B12",samples/nf_agri_0076.npz,GOOD,"Non-fire background sample: Vidarbha Agricultural Basin Maharashtra (agricultural, Maharashtra)"
nf_urba_0077,NON_FIRE,DIVERSE_GEOGRAPHIC_BACKGROUND,WEAK_LABEL,12.8812,77.6962,2026-09-06T05:20:00Z,,12.0,,,"B02,B03,B04,B08,B11,B12",samples/nf_urba_0077.npz,GOOD,"Non-fire background sample: Bengaluru Electronic City Karnataka (urban, Karnataka)"
nf_urba_0078,NON_FIRE,DIVERSE_GEOGRAPHIC_BACKGROUND,WEAK_LABEL,17.4075,78.4132,2026-09-06T05:20:00Z,,14.5,,,"B02,B03,B04,B08,B11,B12",samples/nf_urba_0078.npz,GOOD,"Non-fire background sample: Hyderabad HITEC City Telangana (urban, Telangana)"
nf_urba_0079,NON_FIRE,DIVERSE_GEOGRAPHIC_BACKGROUND,WEAK_LABEL,18.6273,73.7029,2026-09-06T05:20:00Z,,17.0,,,"B02,B03,B04,B08,B11,B12",samples/nf_urba_0079.npz,GOOD,"Non-fire background sample: Pune IT Park Hinjawadi Maharashtra (urban, Maharashtra)"
nf_urba_0080,NON_FIRE,DIVERSE_GEOGRAPHIC_BACKGROUND,WEAK_LABEL,28.592,77.3289,2026-09-06T05:20:00Z,,19.5,,,"B02,B03,B04,B08,B11,B12",samples/nf_urba_0080.npz,GOOD,"Non-fire background sample: Noida Sector 62 Uttar Pradesh (urban, Uttar Pradesh)"
nf_urba_0081,NON_FIRE,DIVERSE_GEOGRAPHIC_BACKGROUND,WEAK_LABEL,23.0698,72.5445,2026-09-06T05:20:00Z,,22.0,,,"B02,B03,B04,B08,B11,B12",samples/nf_urba_0081.npz,GOOD,"Non-fire background sample: Ahmedabad SG Highway Gujarat (urban, Gujarat)"
nf_indu_0082,NON_FIRE,DIVERSE_GEOGRAPHIC_BACKGROUND,WEAK_LABEL,12.9339,79.9791,2026-09-06T05:20:00Z,,24.5,0.5,non_burning_industrial,"B02,B03,B04,B08,B11,B12",samples/nf_indu_0082.npz,GOOD,"Non-fire background sample: Sriperumbudur Industrial Corridor Tamil Nadu (industrial_surroundings, Tamil Nadu)"
nf_indu_0083,NON_FIRE,DIVERSE_GEOGRAPHIC_BACKGROUND,WEAK_LABEL,23.0228,72.3447,2026-09-06T05:20:00Z,,27.0,0.5,non_burning_industrial,"B02,B03,B04,B08,B11,B12",samples/nf_indu_0083.npz,GOOD,"Non-fire background sample: Sanand Automotive Hub Gujarat (industrial_surroundings, Gujarat)"
nf_indu_0084,NON_FIRE,DIVERSE_GEOGRAPHIC_BACKGROUND,WEAK_LABEL,22.5788,75.6528,2026-09-06T05:20:00Z,,29.5,0.5,non_burning_industrial,"B02,B03,B04,B08,B11,B12",samples/nf_indu_0084.npz,GOOD,"Non-fire background sample: Pithampur Industrial Area Madhya Pradesh (industrial_surroundings, Madhya Pradesh)"
nf_wate_0085,NON_FIRE,DIVERSE_GEOGRAPHIC_BACKGROUND,GROUND_TRUTH,19.7527,85.3527,2026-09-06T05:20:00Z,,32.0,,,"B02,B03,B04,B08,B11,B12",samples/nf_wate_0085.npz,ACCEPTABLE,"Non-fire background sample: Chilika Lake Odisha (water_body, Odisha)"
nf_arid_0086,NON_FIRE,DIVERSE_GEOGRAPHIC_BACKGROUND,GROUND_TRUTH,26.8797,70.9443,2026-09-06T05:20:00Z,,34.5,,,"B02,B03,B04,B08,B11,B12",samples/nf_arid_0086.npz,ACCEPTABLE,"Non-fire background sample: Thar Desert Jaisalmer Rajasthan (arid_desert, Rajasthan)"
nf_wate_0087,NON_FIRE,DIVERSE_GEOGRAPHIC_BACKGROUND,GROUND_TRUTH,9.646,76.364,2026-09-06T05:20:00Z,,37.0,,,"B02,B03,B04,B08,B11,B12",samples/nf_wate_0087.npz,ACCEPTABLE,"Non-fire background sample: Vembanad Lake Kerala (water_body, Kerala)"
nf_arid_0088,NON_FIRE,DIVERSE_GEOGRAPHIC_BACKGROUND,WEAK_LABEL,23.7973,70.464,2026-09-06T05:20:00Z,,39.5,,,"B02,B03,B04,B08,B11,B12",samples/nf_arid_0088.npz,ACCEPTABLE,"Non-fire background sample: Rann of Kutch Salt Marsh Gujarat (arid_salt_marsh, Gujarat)"
nf_fore_0089,NON_FIRE,DIVERSE_GEOGRAPHIC_BACKGROUND,GROUND_TRUTH,21.1722,70.8722,2026-09-06T05:20:00Z,,42.0,,,"B02,B03,B04,B08,B11,B12",samples/nf_fore_0089.npz,ACCEPTABLE,"Non-fire background sample: Gir Forest Gujarat (forest, Gujarat)"
nf_fore_0090,NON_FIRE,DIVERSE_GEOGRAPHIC_BACKGROUND,GROUND_TRUTH,11.082,76.498,2026-09-06T05:20:00Z,,44.5,,,"B02,B03,B04,B08,B11,B12",samples/nf_fore_0090.npz,ACCEPTABLE,"Non-fire background sample: Silent Valley Kerala (forest, Kerala)"
nf_fore_0091,NON_FIRE,DIVERSE_GEOGRAPHIC_BACKGROUND,GROUND_TRUTH,22.3825,80.5635,2026-09-06T05:20:00Z,,2.0,,,"B02,B03,B04,B08,B11,B12",samples/nf_fore_0091.npz,GOOD,"Non-fire background sample: Kanha National Park Madhya Pradesh (forest, Madhya Pradesh)"
nf_mang_0092,NON_FIRE,DIVERSE_GEOGRAPHIC_BACKGROUND,WEAK_LABEL,21.9017,89.1353,2026-09-06T05:20:00Z,,4.5,,,"B02,B03,B04,B08,B11,B12",samples/nf_mang_0092.npz,GOOD,"Non-fire background sample: Sundarbans Delta West Bengal (mangrove_forest, West Bengal)"
nf_wetl_0093,NON_FIRE,DIVERSE_GEOGRAPHIC_BACKGROUND,WEAK_LABEL,26.6255,93.2191,2026-09-06T05:20:00Z,,7.0,,,"B02,B03,B04,B08,B11,B12",samples/nf_wetl_0093.npz,GOOD,"Non-fire background sample: Kaziranga National Park Assam (wetland_forest, Assam)"
nf_agri_0094,NON_FIRE,DIVERSE_GEOGRAPHIC_BACKGROUND,WEAK_LABEL,30.853,75.9053,2026-09-06T05:20:00Z,,9.5,,,"B02,B03,B04,B08,B11,B12",samples/nf_agri_0094.npz,GOOD,"Non-fire background sample: Ludhiana Agricultural Belt Punjab (agricultural, Punjab)"
nf_agri_0095,NON_FIRE,DIVERSE_GEOGRAPHIC_BACKGROUND,WEAK_LABEL,16.7587,81.5878,2026-09-06T05:20:00Z,,12.0,,,"B02,B03,B04,B08,B11,B12",samples/nf_agri_0095.npz,GOOD,"Non-fire background sample: Godavari Delta Farmlands Andhra Pradesh (agricultural, Andhra Pradesh)"
nf_agri_0096,NON_FIRE,DIVERSE_GEOGRAPHIC_BACKGROUND,WEAK_LABEL,29.6377,76.9425,2026-09-06T05:20:00Z,,14.5,,,"B02,B03,B04,B08,B11,B12",samples/nf_agri_0096.npz,GOOD,"Non-fire background sample: Karnal Rice-Wheat Belt Haryana (agricultural, Haryana)"
nf_agri_0097,NON_FIRE,DIVERSE_GEOGRAPHIC_BACKGROUND,WEAK_LABEL,10.835,79.1858,2026-09-06T05:20:00Z,,17.0,,,"B02,B03,B04,B08,B11,B12",samples/nf_agri_0097.npz,GOOD,"Non-fire background sample: Thanjavur Cauvery Delta Tamil Nadu (agricultural, Tamil Nadu)"
nf_agri_0098,NON_FIRE,DIVERSE_GEOGRAPHIC_BACKGROUND,WEAK_LABEL,20.8894,77.8276,2026-09-06T05:20:00Z,,19.5,,,"B02,B03,B04,B08,B11,B12",samples/nf_agri_0098.npz,GOOD,"Non-fire background sample: Vidarbha Agricultural Basin Maharashtra (agricultural, Maharashtra)"
nf_urba_0099,NON_FIRE,DIVERSE_GEOGRAPHIC_BACKGROUND,WEAK_LABEL,12.8932,77.6122,2026-09-06T05:20:00Z,,22.0,,,"B02,B03,B04,B08,B11,B12",samples/nf_urba_0099.npz,GOOD,"Non-fire background sample: Bengaluru Electronic City Karnataka (urban, Karnataka)"
nf_urba_0100,NON_FIRE,DIVERSE_GEOGRAPHIC_BACKGROUND,WEAK_LABEL,17.3955,78.3292,2026-09-06T05:20:00Z,,24.5,,,"B02,B03,B04,B08,B11,B12",samples/nf_urba_0100.npz,GOOD,"Non-fire background sample: Hyderabad HITEC City Telangana (urban, Telangana)"
nf_urba_0101,NON_FIRE,DIVERSE_GEOGRAPHIC_BACKGROUND,WEAK_LABEL,18.6393,73.7869,2026-09-06T05:20:00Z,,27.0,,,"B02,B03,B04,B08,B11,B12",samples/nf_urba_0101.npz,GOOD,"Non-fire background sample: Pune IT Park Hinjawadi Maharashtra (urban, Maharashtra)"
nf_urba_0102,NON_FIRE,DIVERSE_GEOGRAPHIC_BACKGROUND,WEAK_LABEL,28.58,77.4129,2026-09-06T05:20:00Z,,29.5,,,"B02,B03,B04,B08,B11,B12",samples/nf_urba_0102.npz,GOOD,"Non-fire background sample: Noida Sector 62 Uttar Pradesh (urban, Uttar Pradesh)"
nf_urba_0103,NON_FIRE,DIVERSE_GEOGRAPHIC_BACKGROUND,WEAK_LABEL,23.0818,72.4605,2026-09-06T05:20:00Z,,32.0,,,"B02,B03,B04,B08,B11,B12",samples/nf_urba_0103.npz,ACCEPTABLE,"Non-fire background sample: Ahmedabad SG Highway Gujarat (urban, Gujarat)"
nf_indu_0104,NON_FIRE,DIVERSE_GEOGRAPHIC_BACKGROUND,WEAK_LABEL,12.9219,79.8951,2026-09-06T05:20:00Z,,34.5,0.5,non_burning_industrial,"B02,B03,B04,B08,B11,B12",samples/nf_indu_0104.npz,ACCEPTABLE,"Non-fire background sample: Sriperumbudur Industrial Corridor Tamil Nadu (industrial_surroundings, Tamil Nadu)"
nf_indu_0105,NON_FIRE,DIVERSE_GEOGRAPHIC_BACKGROUND,WEAK_LABEL,23.0348,72.4287,2026-09-06T05:20:00Z,,37.0,0.5,non_burning_industrial,"B02,B03,B04,B08,B11,B12",samples/nf_indu_0105.npz,ACCEPTABLE,"Non-fire background sample: Sanand Automotive Hub Gujarat (industrial_surroundings, Gujarat)"
nf_indu_0106,NON_FIRE,DIVERSE_GEOGRAPHIC_BACKGROUND,WEAK_LABEL,22.5668,75.7368,2026-09-06T05:20:00Z,,39.5,0.5,non_burning_industrial,"B02,B03,B04,B08,B11,B12",samples/nf_indu_0106.npz,ACCEPTABLE,"Non-fire background sample: Pithampur Industrial Area Madhya Pradesh (industrial_surroundings, Madhya Pradesh)"
nf_wate_0107,NON_FIRE,DIVERSE_GEOGRAPHIC_BACKGROUND,GROUND_TRUTH,19.7647,85.2687,2026-09-06T05:20:00Z,,42.0,,,"B02,B03,B04,B08,B11,B12",samples/nf_wate_0107.npz,ACCEPTABLE,"Non-fire background sample: Chilika Lake Odisha (water_body, Odisha)"
nf_arid_0108,NON_FIRE,DIVERSE_GEOGRAPHIC_BACKGROUND,GROUND_TRUTH,26.8677,70.8603,2026-09-06T05:20:00Z,,44.5,,,"B02,B03,B04,B08,B11,B12",samples/nf_arid_0108.npz,ACCEPTABLE,"Non-fire background sample: Thar Desert Jaisalmer Rajasthan (arid_desert, Rajasthan)"
nf_wate_0109,NON_FIRE,DIVERSE_GEOGRAPHIC_BACKGROUND,GROUND_TRUTH,9.658,76.448,2026-09-06T05:20:00Z,,2.0,,,"B02,B03,B04,B08,B11,B12",samples/nf_wate_0109.npz,GOOD,"Non-fire background sample: Vembanad Lake Kerala (water_body, Kerala)"
nf_arid_0110,NON_FIRE,DIVERSE_GEOGRAPHIC_BACKGROUND,WEAK_LABEL,23.7853,70.548,2026-09-06T05:20:00Z,,4.5,,,"B02,B03,B04,B08,B11,B12",samples/nf_arid_0110.npz,GOOD,"Non-fire background sample: Rann of Kutch Salt Marsh Gujarat (arid_salt_marsh, Gujarat)"
nf_fore_0111,NON_FIRE,DIVERSE_GEOGRAPHIC_BACKGROUND,GROUND_TRUTH,21.1842,70.7642,2026-09-06T05:20:00Z,,7.0,,,"B02,B03,B04,B08,B11,B12",samples/nf_fore_0111.npz,GOOD,"Non-fire background sample: Gir Forest Gujarat (forest, Gujarat)"
nf_fore_0112,NON_FIRE,DIVERSE_GEOGRAPHIC_BACKGROUND,GROUND_TRUTH,11.07,76.39,2026-09-06T05:20:00Z,,9.5,,,"B02,B03,B04,B08,B11,B12",samples/nf_fore_0112.npz,GOOD,"Non-fire background sample: Silent Valley Kerala (forest, Kerala)"
nf_fore_0113,NON_FIRE,DIVERSE_GEOGRAPHIC_BACKGROUND,GROUND_TRUTH,22.3945,80.6715,2026-09-06T05:20:00Z,,12.0,,,"B02,B03,B04,B08,B11,B12",samples/nf_fore_0113.npz,GOOD,"Non-fire background sample: Kanha National Park Madhya Pradesh (forest, Madhya Pradesh)"
nf_mang_0114,NON_FIRE,DIVERSE_GEOGRAPHIC_BACKGROUND,WEAK_LABEL,21.8897,89.2433,2026-09-06T05:20:00Z,,14.5,,,"B02,B03,B04,B08,B11,B12",samples/nf_mang_0114.npz,GOOD,"Non-fire background sample: Sundarbans Delta West Bengal (mangrove_forest, West Bengal)"
nf_wetl_0115,NON_FIRE,DIVERSE_GEOGRAPHIC_BACKGROUND,WEAK_LABEL,26.6375,93.1111,2026-09-06T05:20:00Z,,17.0,,,"B02,B03,B04,B08,B11,B12",samples/nf_wetl_0115.npz,GOOD,"Non-fire background sample: Kaziranga National Park Assam (wetland_forest, Assam)"
nf_agri_0116,NON_FIRE,DIVERSE_GEOGRAPHIC_BACKGROUND,WEAK_LABEL,30.841,75.7973,2026-09-06T05:20:00Z,,19.5,,,"B02,B03,B04,B08,B11,B12",samples/nf_agri_0116.npz,GOOD,"Non-fire background sample: Ludhiana Agricultural Belt Punjab (agricultural, Punjab)"
nf_agri_0117,NON_FIRE,DIVERSE_GEOGRAPHIC_BACKGROUND,WEAK_LABEL,16.7707,81.6958,2026-09-06T05:20:00Z,,22.0,,,"B02,B03,B04,B08,B11,B12",samples/nf_agri_0117.npz,GOOD,"Non-fire background sample: Godavari Delta Farmlands Andhra Pradesh (agricultural, Andhra Pradesh)"
nf_agri_0118,NON_FIRE,DIVERSE_GEOGRAPHIC_BACKGROUND,WEAK_LABEL,29.6257,77.0505,2026-09-06T05:20:00Z,,24.5,,,"B02,B03,B04,B08,B11,B12",samples/nf_agri_0118.npz,GOOD,"Non-fire background sample: Karnal Rice-Wheat Belt Haryana (agricultural, Haryana)"
nf_agri_0119,NON_FIRE,DIVERSE_GEOGRAPHIC_BACKGROUND,WEAK_LABEL,10.847,79.0778,2026-09-06T05:20:00Z,,27.0,,,"B02,B03,B04,B08,B11,B12",samples/nf_agri_0119.npz,GOOD,"Non-fire background sample: Thanjavur Cauvery Delta Tamil Nadu (agricultural, Tamil Nadu)"
nf_agri_0120,NON_FIRE,DIVERSE_GEOGRAPHIC_BACKGROUND,WEAK_LABEL,20.8774,77.7196,2026-09-06T05:20:00Z,,29.5,,,"B02,B03,B04,B08,B11,B12",samples/nf_agri_0120.npz,GOOD,"Non-fire background sample: Vidarbha Agricultural Basin Maharashtra (agricultural, Maharashtra)"
nf_urba_0121,NON_FIRE,DIVERSE_GEOGRAPHIC_BACKGROUND,WEAK_LABEL,12.9052,77.7202,2026-09-06T05:20:00Z,,32.0,,,"B02,B03,B04,B08,B11,B12",samples/nf_urba_0121.npz,ACCEPTABLE,"Non-fire background sample: Bengaluru Electronic City Karnataka (urban, Karnataka)"
nf_urba_0122,NON_FIRE,DIVERSE_GEOGRAPHIC_BACKGROUND,WEAK_LABEL,17.3835,78.4372,2026-09-06T05:20:00Z,,34.5,,,"B02,B03,B04,B08,B11,B12",samples/nf_urba_0122.npz,ACCEPTABLE,"Non-fire background sample: Hyderabad HITEC City Telangana (urban, Telangana)"
nf_urba_0123,NON_FIRE,DIVERSE_GEOGRAPHIC_BACKGROUND,WEAK_LABEL,18.6513,73.6789,2026-09-06T05:20:00Z,,37.0,,,"B02,B03,B04,B08,B11,B12",samples/nf_urba_0123.npz,ACCEPTABLE,"Non-fire background sample: Pune IT Park Hinjawadi Maharashtra (urban, Maharashtra)"
nf_urba_0124,NON_FIRE,DIVERSE_GEOGRAPHIC_BACKGROUND,WEAK_LABEL,28.568,77.3049,2026-09-06T05:20:00Z,,39.5,,,"B02,B03,B04,B08,B11,B12",samples/nf_urba_0124.npz,ACCEPTABLE,"Non-fire background sample: Noida Sector 62 Uttar Pradesh (urban, Uttar Pradesh)"
nf_urba_0125,NON_FIRE,DIVERSE_GEOGRAPHIC_BACKGROUND,WEAK_LABEL,23.0938,72.5685,2026-09-06T05:20:00Z,,42.0,,,"B02,B03,B04,B08,B11,B12",samples/nf_urba_0125.npz,ACCEPTABLE,"Non-fire background sample: Ahmedabad SG Highway Gujarat (urban, Gujarat)"
nf_indu_0126,NON_FIRE,DIVERSE_GEOGRAPHIC_BACKGROUND,WEAK_LABEL,12.9099,80.0031,2026-09-06T05:20:00Z,,44.5,0.5,non_burning_industrial,"B02,B03,B04,B08,B11,B12",samples/nf_indu_0126.npz,ACCEPTABLE,"Non-fire background sample: Sriperumbudur Industrial Corridor Tamil Nadu (industrial_surroundings, Tamil Nadu)"
nf_indu_0127,NON_FIRE,DIVERSE_GEOGRAPHIC_BACKGROUND,WEAK_LABEL,23.0468,72.3207,2026-09-06T05:20:00Z,,2.0,0.5,non_burning_industrial,"B02,B03,B04,B08,B11,B12",samples/nf_indu_0127.npz,GOOD,"Non-fire background sample: Sanand Automotive Hub Gujarat (industrial_surroundings, Gujarat)"
nf_indu_0128,NON_FIRE,DIVERSE_GEOGRAPHIC_BACKGROUND,WEAK_LABEL,22.5548,75.6288,2026-09-06T05:20:00Z,,4.5,0.5,non_burning_industrial,"B02,B03,B04,B08,B11,B12",samples/nf_indu_0128.npz,GOOD,"Non-fire background sample: Pithampur Industrial Area Madhya Pradesh (industrial_surroundings, Madhya Pradesh)"
nf_wate_0129,NON_FIRE,DIVERSE_GEOGRAPHIC_BACKGROUND,GROUND_TRUTH,19.7767,85.3767,2026-09-06T05:20:00Z,,7.0,,,"B02,B03,B04,B08,B11,B12",samples/nf_wate_0129.npz,GOOD,"Non-fire background sample: Chilika Lake Odisha (water_body, Odisha)"
nf_arid_0130,NON_FIRE,DIVERSE_GEOGRAPHIC_BACKGROUND,GROUND_TRUTH,26.8557,70.9683,2026-09-06T05:20:00Z,,9.5,,,"B02,B03,B04,B08,B11,B12",samples/nf_arid_0130.npz,GOOD,"Non-fire background sample: Thar Desert Jaisalmer Rajasthan (arid_desert, Rajasthan)"
nf_wate_0131,NON_FIRE,DIVERSE_GEOGRAPHIC_BACKGROUND,GROUND_TRUTH,9.67,76.34,2026-09-06T05:20:00Z,,12.0,,,"B02,B03,B04,B08,B11,B12",samples/nf_wate_0131.npz,GOOD,"Non-fire background sample: Vembanad Lake Kerala (water_body, Kerala)"
nf_arid_0132,NON_FIRE,DIVERSE_GEOGRAPHIC_BACKGROUND,WEAK_LABEL,23.7733,70.44,2026-09-06T05:20:00Z,,14.5,,,"B02,B03,B04,B08,B11,B12",samples/nf_arid_0132.npz,GOOD,"Non-fire background sample: Rann of Kutch Salt Marsh Gujarat (arid_salt_marsh, Gujarat)"
nf_fore_0133,NON_FIRE,DIVERSE_GEOGRAPHIC_BACKGROUND,GROUND_TRUTH,21.1962,70.8962,2026-09-06T05:20:00Z,,17.0,,,"B02,B03,B04,B08,B11,B12",samples/nf_fore_0133.npz,GOOD,"Non-fire background sample: Gir Forest Gujarat (forest, Gujarat)"
nf_fore_0134,NON_FIRE,DIVERSE_GEOGRAPHIC_BACKGROUND,GROUND_TRUTH,11.058,76.522,2026-09-06T05:20:00Z,,19.5,,,"B02,B03,B04,B08,B11,B12",samples/nf_fore_0134.npz,GOOD,"Non-fire background sample: Silent Valley Kerala (forest, Kerala)"
nf_fore_0135,NON_FIRE,DIVERSE_GEOGRAPHIC_BACKGROUND,GROUND_TRUTH,22.4065,80.5395,2026-09-06T05:20:00Z,,22.0,,,"B02,B03,B04,B08,B11,B12",samples/nf_fore_0135.npz,GOOD,"Non-fire background sample: Kanha National Park Madhya Pradesh (forest, Madhya Pradesh)"
nf_mang_0136,NON_FIRE,DIVERSE_GEOGRAPHIC_BACKGROUND,WEAK_LABEL,21.8777,89.1113,2026-09-06T05:20:00Z,,24.5,,,"B02,B03,B04,B08,B11,B12",samples/nf_mang_0136.npz,GOOD,"Non-fire background sample: Sundarbans Delta West Bengal (mangrove_forest, West Bengal)"
nf_wetl_0137,NON_FIRE,DIVERSE_GEOGRAPHIC_BACKGROUND,WEAK_LABEL,26.6495,93.2431,2026-09-06T05:20:00Z,,27.0,,,"B02,B03,B04,B08,B11,B12",samples/nf_wetl_0137.npz,GOOD,"Non-fire background sample: Kaziranga National Park Assam (wetland_forest, Assam)"
nf_agri_0138,NON_FIRE,DIVERSE_GEOGRAPHIC_BACKGROUND,WEAK_LABEL,30.829,75.9293,2026-09-06T05:20:00Z,,29.5,,,"B02,B03,B04,B08,B11,B12",samples/nf_agri_0138.npz,GOOD,"Non-fire background sample: Ludhiana Agricultural Belt Punjab (agricultural, Punjab)"
nf_agri_0139,NON_FIRE,DIVERSE_GEOGRAPHIC_BACKGROUND,WEAK_LABEL,16.7827,81.5638,2026-09-06T05:20:00Z,,32.0,,,"B02,B03,B04,B08,B11,B12",samples/nf_agri_0139.npz,ACCEPTABLE,"Non-fire background sample: Godavari Delta Farmlands Andhra Pradesh (agricultural, Andhra Pradesh)"
nf_agri_0140,NON_FIRE,DIVERSE_GEOGRAPHIC_BACKGROUND,WEAK_LABEL,29.6137,76.9185,2026-09-06T05:20:00Z,,34.5,,,"B02,B03,B04,B08,B11,B12",samples/nf_agri_0140.npz,ACCEPTABLE,"Non-fire background sample: Karnal Rice-Wheat Belt Haryana (agricultural, Haryana)"
nf_agri_0141,NON_FIRE,DIVERSE_GEOGRAPHIC_BACKGROUND,WEAK_LABEL,10.859,79.2098,2026-09-06T05:20:00Z,,37.0,,,"B02,B03,B04,B08,B11,B12",samples/nf_agri_0141.npz,ACCEPTABLE,"Non-fire background sample: Thanjavur Cauvery Delta Tamil Nadu (agricultural, Tamil Nadu)"
nf_agri_0142,NON_FIRE,DIVERSE_GEOGRAPHIC_BACKGROUND,WEAK_LABEL,20.8654,77.8516,2026-09-06T05:20:00Z,,39.5,,,"B02,B03,B04,B08,B11,B12",samples/nf_agri_0142.npz,ACCEPTABLE,"Non-fire background sample: Vidarbha Agricultural Basin Maharashtra (agricultural, Maharashtra)"
nf_urba_0143,NON_FIRE,DIVERSE_GEOGRAPHIC_BACKGROUND,WEAK_LABEL,12.9172,77.5882,2026-09-06T05:20:00Z,,42.0,,,"B02,B03,B04,B08,B11,B12",samples/nf_urba_0143.npz,ACCEPTABLE,"Non-fire background sample: Bengaluru Electronic City Karnataka (urban, Karnataka)"
nf_urba_0144,NON_FIRE,DIVERSE_GEOGRAPHIC_BACKGROUND,WEAK_LABEL,17.3715,78.3052,2026-09-06T05:20:00Z,,44.5,,,"B02,B03,B04,B08,B11,B12",samples/nf_urba_0144.npz,ACCEPTABLE,"Non-fire background sample: Hyderabad HITEC City Telangana (urban, Telangana)"
nf_urba_0145,NON_FIRE,DIVERSE_GEOGRAPHIC_BACKGROUND,WEAK_LABEL,18.6633,73.8109,2026-09-06T05:20:00Z,,2.0,,,"B02,B03,B04,B08,B11,B12",samples/nf_urba_0145.npz,GOOD,"Non-fire background sample: Pune IT Park Hinjawadi Maharashtra (urban, Maharashtra)"
nf_urba_0146,NON_FIRE,DIVERSE_GEOGRAPHIC_BACKGROUND,WEAK_LABEL,28.556,77.4369,2026-09-06T05:20:00Z,,4.5,,,"B02,B03,B04,B08,B11,B12",samples/nf_urba_0146.npz,GOOD,"Non-fire background sample: Noida Sector 62 Uttar Pradesh (urban, Uttar Pradesh)"
nf_urba_0147,NON_FIRE,DIVERSE_GEOGRAPHIC_BACKGROUND,WEAK_LABEL,23.1058,72.4365,2026-09-06T05:20:00Z,,7.0,,,"B02,B03,B04,B08,B11,B12",samples/nf_urba_0147.npz,GOOD,"Non-fire background sample: Ahmedabad SG Highway Gujarat (urban, Gujarat)"
nf_indu_0148,NON_FIRE,DIVERSE_GEOGRAPHIC_BACKGROUND,WEAK_LABEL,12.8979,79.8711,2026-09-06T05:20:00Z,,9.5,0.5,non_burning_industrial,"B02,B03,B04,B08,B11,B12",samples/nf_indu_0148.npz,GOOD,"Non-fire background sample: Sriperumbudur Industrial Corridor Tamil Nadu (industrial_surroundings, Tamil Nadu)"
nf_indu_0149,NON_FIRE,DIVERSE_GEOGRAPHIC_BACKGROUND,WEAK_LABEL,23.0588,72.4527,2026-09-06T05:20:00Z,,12.0,0.5,non_burning_industrial,"B02,B03,B04,B08,B11,B12",samples/nf_indu_0149.npz,GOOD,"Non-fire background sample: Sanand Automotive Hub Gujarat (industrial_surroundings, Gujarat)"
nf_indu_0150,NON_FIRE,DIVERSE_GEOGRAPHIC_BACKGROUND,WEAK_LABEL,22.5428,75.7608,2026-09-06T05:20:00Z,,14.5,0.5,non_burning_industrial,"B02,B03,B04,B08,B11,B12",samples/nf_indu_0150.npz,GOOD,"Non-fire background sample: Pithampur Industrial Area Madhya Pradesh (industrial_surroundings, Madhya Pradesh)"
nf_wate_0151,NON_FIRE,DIVERSE_GEOGRAPHIC_BACKGROUND,GROUND_TRUTH,19.7887,85.2447,2026-09-06T05:20:00Z,,17.0,,,"B02,B03,B04,B08,B11,B12",samples/nf_wate_0151.npz,GOOD,"Non-fire background sample: Chilika Lake Odisha (water_body, Odisha)"
nf_arid_0152,NON_FIRE,DIVERSE_GEOGRAPHIC_BACKGROUND,GROUND_TRUTH,26.8437,70.8363,2026-09-06T05:20:00Z,,19.5,,,"B02,B03,B04,B08,B11,B12",samples/nf_arid_0152.npz,GOOD,"Non-fire background sample: Thar Desert Jaisalmer Rajasthan (arid_desert, Rajasthan)"
nf_wate_0153,NON_FIRE,DIVERSE_GEOGRAPHIC_BACKGROUND,GROUND_TRUTH,9.682,76.472,2026-09-06T05:20:00Z,,22.0,,,"B02,B03,B04,B08,B11,B12",samples/nf_wate_0153.npz,GOOD,"Non-fire background sample: Vembanad Lake Kerala (water_body, Kerala)"
nf_arid_0154,NON_FIRE,DIVERSE_GEOGRAPHIC_BACKGROUND,WEAK_LABEL,23.7613,70.572,2026-09-06T05:20:00Z,,24.5,,,"B02,B03,B04,B08,B11,B12",samples/nf_arid_0154.npz,GOOD,"Non-fire background sample: Rann of Kutch Salt Marsh Gujarat (arid_salt_marsh, Gujarat)"
nf_fore_0155,NON_FIRE,DIVERSE_GEOGRAPHIC_BACKGROUND,GROUND_TRUTH,21.2082,70.7402,2026-09-06T05:20:00Z,,27.0,,,"B02,B03,B04,B08,B11,B12",samples/nf_fore_0155.npz,GOOD,"Non-fire background sample: Gir Forest Gujarat (forest, Gujarat)"
nf_fore_0156,NON_FIRE,DIVERSE_GEOGRAPHIC_BACKGROUND,GROUND_TRUTH,11.046,76.366,2026-09-06T05:20:00Z,,29.5,,,"B02,B03,B04,B08,B11,B12",samples/nf_fore_0156.npz,GOOD,"Non-fire background sample: Silent Valley Kerala (forest, Kerala)"
nf_fore_0157,NON_FIRE,DIVERSE_GEOGRAPHIC_BACKGROUND,GROUND_TRUTH,22.4185,80.6955,2026-09-06T05:20:00Z,,32.0,,,"B02,B03,B04,B08,B11,B12",samples/nf_fore_0157.npz,ACCEPTABLE,"Non-fire background sample: Kanha National Park Madhya Pradesh (forest, Madhya Pradesh)"
nf_mang_0158,NON_FIRE,DIVERSE_GEOGRAPHIC_BACKGROUND,WEAK_LABEL,21.8657,89.2673,2026-09-06T05:20:00Z,,34.5,,,"B02,B03,B04,B08,B11,B12",samples/nf_mang_0158.npz,ACCEPTABLE,"Non-fire background sample: Sundarbans Delta West Bengal (mangrove_forest, West Bengal)"
nf_wetl_0159,NON_FIRE,DIVERSE_GEOGRAPHIC_BACKGROUND,WEAK_LABEL,26.6615,93.0871,2026-09-06T05:20:00Z,,37.0,,,"B02,B03,B04,B08,B11,B12",samples/nf_wetl_0159.npz,ACCEPTABLE,"Non-fire background sample: Kaziranga National Park Assam (wetland_forest, Assam)"
nf_agri_0160,NON_FIRE,DIVERSE_GEOGRAPHIC_BACKGROUND,WEAK_LABEL,30.817,75.7733,2026-09-06T05:20:00Z,,39.5,,,"B02,B03,B04,B08,B11,B12",samples/nf_agri_0160.npz,ACCEPTABLE,"Non-fire background sample: Ludhiana Agricultural Belt Punjab (agricultural, Punjab)"
nf_agri_0161,NON_FIRE,DIVERSE_GEOGRAPHIC_BACKGROUND,WEAK_LABEL,16.7947,81.7198,2026-09-06T05:20:00Z,,42.0,,,"B02,B03,B04,B08,B11,B12",samples/nf_agri_0161.npz,ACCEPTABLE,"Non-fire background sample: Godavari Delta Farmlands Andhra Pradesh (agricultural, Andhra Pradesh)"
nf_agri_0162,NON_FIRE,DIVERSE_GEOGRAPHIC_BACKGROUND,WEAK_LABEL,29.6017,77.0745,2026-09-06T05:20:00Z,,44.5,,,"B02,B03,B04,B08,B11,B12",samples/nf_agri_0162.npz,ACCEPTABLE,"Non-fire background sample: Karnal Rice-Wheat Belt Haryana (agricultural, Haryana)"
nf_agri_0163,NON_FIRE,DIVERSE_GEOGRAPHIC_BACKGROUND,WEAK_LABEL,10.871,79.0538,2026-09-06T05:20:00Z,,2.0,,,"B02,B03,B04,B08,B11,B12",samples/nf_agri_0163.npz,GOOD,"Non-fire background sample: Thanjavur Cauvery Delta Tamil Nadu (agricultural, Tamil Nadu)"
nf_agri_0164,NON_FIRE,DIVERSE_GEOGRAPHIC_BACKGROUND,WEAK_LABEL,20.8534,77.6956,2026-09-06T05:20:00Z,,4.5,,,"B02,B03,B04,B08,B11,B12",samples/nf_agri_0164.npz,GOOD,"Non-fire background sample: Vidarbha Agricultural Basin Maharashtra (agricultural, Maharashtra)"
nf_urba_0165,NON_FIRE,DIVERSE_GEOGRAPHIC_BACKGROUND,WEAK_LABEL,12.9292,77.7442,2026-09-06T05:20:00Z,,7.0,,,"B02,B03,B04,B08,B11,B12",samples/nf_urba_0165.npz,GOOD,"Non-fire background sample: Bengaluru Electronic City Karnataka (urban, Karnataka)"
nf_urba_0166,NON_FIRE,DIVERSE_GEOGRAPHIC_BACKGROUND,WEAK_LABEL,17.3595,78.4612,2026-09-06T05:20:00Z,,9.5,,,"B02,B03,B04,B08,B11,B12",samples/nf_urba_0166.npz,GOOD,"Non-fire background sample: Hyderabad HITEC City Telangana (urban, Telangana)"
nf_urba_0167,NON_FIRE,DIVERSE_GEOGRAPHIC_BACKGROUND,WEAK_LABEL,18.6753,73.6549,2026-09-06T05:20:00Z,,12.0,,,"B02,B03,B04,B08,B11,B12",samples/nf_urba_0167.npz,GOOD,"Non-fire background sample: Pune IT Park Hinjawadi Maharashtra (urban, Maharashtra)"
nf_urba_0168,NON_FIRE,DIVERSE_GEOGRAPHIC_BACKGROUND,WEAK_LABEL,28.544,77.2809,2026-09-06T05:20:00Z,,14.5,,,"B02,B03,B04,B08,B11,B12",samples/nf_urba_0168.npz,GOOD,"Non-fire background sample: Noida Sector 62 Uttar Pradesh (urban, Uttar Pradesh)"
nf_urba_0169,NON_FIRE,DIVERSE_GEOGRAPHIC_BACKGROUND,WEAK_LABEL,23.1178,72.5925,2026-09-06T05:20:00Z,,17.0,,,"B02,B03,B04,B08,B11,B12",samples/nf_urba_0169.npz,GOOD,"Non-fire background sample: Ahmedabad SG Highway Gujarat (urban, Gujarat)"
nf_indu_0170,NON_FIRE,DIVERSE_GEOGRAPHIC_BACKGROUND,WEAK_LABEL,12.8859,80.0271,2026-09-06T05:20:00Z,,19.5,0.5,non_burning_industrial,"B02,B03,B04,B08,B11,B12",samples/nf_indu_0170.npz,GOOD,"Non-fire background sample: Sriperumbudur Industrial Corridor Tamil Nadu (industrial_surroundings, Tamil Nadu)"
nf_indu_0171,NON_FIRE,DIVERSE_GEOGRAPHIC_BACKGROUND,WEAK_LABEL,23.0708,72.2967,2026-09-06T05:20:00Z,,22.0,0.5,non_burning_industrial,"B02,B03,B04,B08,B11,B12",samples/nf_indu_0171.npz,GOOD,"Non-fire background sample: Sanand Automotive Hub Gujarat (industrial_surroundings, Gujarat)"
nf_indu_0172,NON_FIRE,DIVERSE_GEOGRAPHIC_BACKGROUND,WEAK_LABEL,22.5308,75.6048,2026-09-06T05:20:00Z,,24.5,0.5,non_burning_industrial,"B02,B03,B04,B08,B11,B12",samples/nf_indu_0172.npz,GOOD,"Non-fire background sample: Pithampur Industrial Area Madhya Pradesh (industrial_surroundings, Madhya Pradesh)"
nf_wate_0173,NON_FIRE,DIVERSE_GEOGRAPHIC_BACKGROUND,GROUND_TRUTH,19.8007,85.4007,2026-09-06T05:20:00Z,,27.0,,,"B02,B03,B04,B08,B11,B12",samples/nf_wate_0173.npz,GOOD,"Non-fire background sample: Chilika Lake Odisha (water_body, Odisha)"
nf_arid_0174,NON_FIRE,DIVERSE_GEOGRAPHIC_BACKGROUND,GROUND_TRUTH,26.8317,70.9923,2026-09-06T05:20:00Z,,29.5,,,"B02,B03,B04,B08,B11,B12",samples/nf_arid_0174.npz,GOOD,"Non-fire background sample: Thar Desert Jaisalmer Rajasthan (arid_desert, Rajasthan)"
nf_wate_0175,NON_FIRE,DIVERSE_GEOGRAPHIC_BACKGROUND,GROUND_TRUTH,9.694,76.316,2026-09-06T05:20:00Z,,32.0,,,"B02,B03,B04,B08,B11,B12",samples/nf_wate_0175.npz,ACCEPTABLE,"Non-fire background sample: Vembanad Lake Kerala (water_body, Kerala)"
nf_arid_0176,NON_FIRE,DIVERSE_GEOGRAPHIC_BACKGROUND,WEAK_LABEL,23.7493,70.416,2026-09-06T05:20:00Z,,34.5,,,"B02,B03,B04,B08,B11,B12",samples/nf_arid_0176.npz,ACCEPTABLE,"Non-fire background sample: Rann of Kutch Salt Marsh Gujarat (arid_salt_marsh, Gujarat)"
nf_fore_0177,NON_FIRE,DIVERSE_GEOGRAPHIC_BACKGROUND,GROUND_TRUTH,21.2202,70.9202,2026-09-06T05:20:00Z,,37.0,,,"B02,B03,B04,B08,B11,B12",samples/nf_fore_0177.npz,ACCEPTABLE,"Non-fire background sample: Gir Forest Gujarat (forest, Gujarat)"
nf_fore_0178,NON_FIRE,DIVERSE_GEOGRAPHIC_BACKGROUND,GROUND_TRUTH,11.034,76.546,2026-09-06T05:20:00Z,,39.5,,,"B02,B03,B04,B08,B11,B12",samples/nf_fore_0178.npz,ACCEPTABLE,"Non-fire background sample: Silent Valley Kerala (forest, Kerala)"
nf_fore_0179,NON_FIRE,DIVERSE_GEOGRAPHIC_BACKGROUND,GROUND_TRUTH,22.4305,80.5155,2026-09-06T05:20:00Z,,42.0,,,"B02,B03,B04,B08,B11,B12",samples/nf_fore_0179.npz,ACCEPTABLE,"Non-fire background sample: Kanha National Park Madhya Pradesh (forest, Madhya Pradesh)"
nf_mang_0180,NON_FIRE,DIVERSE_GEOGRAPHIC_BACKGROUND,WEAK_LABEL,21.8537,89.0873,2026-09-06T05:20:00Z,,44.5,,,"B02,B03,B04,B08,B11,B12",samples/nf_mang_0180.npz,ACCEPTABLE,"Non-fire background sample: Sundarbans Delta West Bengal (mangrove_forest, West Bengal)"
nf_wetl_0181,NON_FIRE,DIVERSE_GEOGRAPHIC_BACKGROUND,WEAK_LABEL,26.6735,93.2671,2026-09-06T05:20:00Z,,2.0,,,"B02,B03,B04,B08,B11,B12",samples/nf_wetl_0181.npz,GOOD,"Non-fire background sample: Kaziranga National Park Assam (wetland_forest, Assam)"
nf_agri_0182,NON_FIRE,DIVERSE_GEOGRAPHIC_BACKGROUND,WEAK_LABEL,30.805,75.9533,2026-09-06T05:20:00Z,,4.5,,,"B02,B03,B04,B08,B11,B12",samples/nf_agri_0182.npz,GOOD,"Non-fire background sample: Ludhiana Agricultural Belt Punjab (agricultural, Punjab)"
nf_agri_0183,NON_FIRE,DIVERSE_GEOGRAPHIC_BACKGROUND,WEAK_LABEL,16.8067,81.5398,2026-09-06T05:20:00Z,,7.0,,,"B02,B03,B04,B08,B11,B12",samples/nf_agri_0183.npz,GOOD,"Non-fire background sample: Godavari Delta Farmlands Andhra Pradesh (agricultural, Andhra Pradesh)"
nf_agri_0184,NON_FIRE,DIVERSE_GEOGRAPHIC_BACKGROUND,WEAK_LABEL,29.5897,76.8945,2026-09-06T05:20:00Z,,9.5,,,"B02,B03,B04,B08,B11,B12",samples/nf_agri_0184.npz,GOOD,"Non-fire background sample: Karnal Rice-Wheat Belt Haryana (agricultural, Haryana)"
nf_agri_0185,NON_FIRE,DIVERSE_GEOGRAPHIC_BACKGROUND,WEAK_LABEL,10.883,79.2338,2026-09-06T05:20:00Z,,12.0,,,"B02,B03,B04,B08,B11,B12",samples/nf_agri_0185.npz,GOOD,"Non-fire background sample: Thanjavur Cauvery Delta Tamil Nadu (agricultural, Tamil Nadu)"
nf_agri_0186,NON_FIRE,DIVERSE_GEOGRAPHIC_BACKGROUND,WEAK_LABEL,20.8414,77.8756,2026-09-06T05:20:00Z,,14.5,,,"B02,B03,B04,B08,B11,B12",samples/nf_agri_0186.npz,GOOD,"Non-fire background sample: Vidarbha Agricultural Basin Maharashtra (agricultural, Maharashtra)"
nf_urba_0187,NON_FIRE,DIVERSE_GEOGRAPHIC_BACKGROUND,WEAK_LABEL,12.9412,77.5642,2026-09-06T05:20:00Z,,17.0,,,"B02,B03,B04,B08,B11,B12",samples/nf_urba_0187.npz,GOOD,"Non-fire background sample: Bengaluru Electronic City Karnataka (urban, Karnataka)"
nf_urba_0188,NON_FIRE,DIVERSE_GEOGRAPHIC_BACKGROUND,WEAK_LABEL,17.3475,78.2812,2026-09-06T05:20:00Z,,19.5,,,"B02,B03,B04,B08,B11,B12",samples/nf_urba_0188.npz,GOOD,"Non-fire background sample: Hyderabad HITEC City Telangana (urban, Telangana)"
nf_urba_0189,NON_FIRE,DIVERSE_GEOGRAPHIC_BACKGROUND,WEAK_LABEL,18.6873,73.8349,2026-09-06T05:20:00Z,,22.0,,,"B02,B03,B04,B08,B11,B12",samples/nf_urba_0189.npz,GOOD,"Non-fire background sample: Pune IT Park Hinjawadi Maharashtra (urban, Maharashtra)"
nf_urba_0190,NON_FIRE,DIVERSE_GEOGRAPHIC_BACKGROUND,WEAK_LABEL,28.532,77.4609,2026-09-06T05:20:00Z,,24.5,,,"B02,B03,B04,B08,B11,B12",samples/nf_urba_0190.npz,GOOD,"Non-fire background sample: Noida Sector 62 Uttar Pradesh (urban, Uttar Pradesh)"
nf_urba_0191,NON_FIRE,DIVERSE_GEOGRAPHIC_BACKGROUND,WEAK_LABEL,23.1298,72.4125,2026-09-06T05:20:00Z,,27.0,,,"B02,B03,B04,B08,B11,B12",samples/nf_urba_0191.npz,GOOD,"Non-fire background sample: Ahmedabad SG Highway Gujarat (urban, Gujarat)"
nf_indu_0192,NON_FIRE,DIVERSE_GEOGRAPHIC_BACKGROUND,WEAK_LABEL,12.8739,79.8471,2026-09-06T05:20:00Z,,29.5,0.5,non_burning_industrial,"B02,B03,B04,B08,B11,B12",samples/nf_indu_0192.npz,GOOD,"Non-fire background sample: Sriperumbudur Industrial Corridor Tamil Nadu (industrial_surroundings, Tamil Nadu)"
nf_indu_0193,NON_FIRE,DIVERSE_GEOGRAPHIC_BACKGROUND,WEAK_LABEL,23.0828,72.4767,2026-09-06T05:20:00Z,,32.0,0.5,non_burning_industrial,"B02,B03,B04,B08,B11,B12",samples/nf_indu_0193.npz,ACCEPTABLE,"Non-fire background sample: Sanand Automotive Hub Gujarat (industrial_surroundings, Gujarat)"
nf_indu_0194,NON_FIRE,DIVERSE_GEOGRAPHIC_BACKGROUND,WEAK_LABEL,22.5188,75.7848,2026-09-06T05:20:00Z,,34.5,0.5,non_burning_industrial,"B02,B03,B04,B08,B11,B12",samples/nf_indu_0194.npz,ACCEPTABLE,"Non-fire background sample: Pithampur Industrial Area Madhya Pradesh (industrial_surroundings, Madhya Pradesh)"
nf_wate_0195,NON_FIRE,DIVERSE_GEOGRAPHIC_BACKGROUND,GROUND_TRUTH,19.8127,85.2207,2026-09-06T05:20:00Z,,37.0,,,"B02,B03,B04,B08,B11,B12",samples/nf_wate_0195.npz,ACCEPTABLE,"Non-fire background sample: Chilika Lake Odisha (water_body, Odisha)"
nf_arid_0196,NON_FIRE,DIVERSE_GEOGRAPHIC_BACKGROUND,GROUND_TRUTH,26.8197,70.8123,2026-09-06T05:20:00Z,,39.5,,,"B02,B03,B04,B08,B11,B12",samples/nf_arid_0196.npz,ACCEPTABLE,"Non-fire background sample: Thar Desert Jaisalmer Rajasthan (arid_desert, Rajasthan)"
nf_wate_0197,NON_FIRE,DIVERSE_GEOGRAPHIC_BACKGROUND,GROUND_TRUTH,9.706,76.496,2026-09-06T05:20:00Z,,42.0,,,"B02,B03,B04,B08,B11,B12",samples/nf_wate_0197.npz,ACCEPTABLE,"Non-fire background sample: Vembanad Lake Kerala (water_body, Kerala)"
nf_arid_0198,NON_FIRE,DIVERSE_GEOGRAPHIC_BACKGROUND,WEAK_LABEL,23.7373,70.596,2026-09-06T05:20:00Z,,44.5,,,"B02,B03,B04,B08,B11,B12",samples/nf_arid_0198.npz,ACCEPTABLE,"Non-fire background sample: Rann of Kutch Salt Marsh Gujarat (arid_salt_marsh, Gujarat)"
nf_fore_0199,NON_FIRE,DIVERSE_GEOGRAPHIC_BACKGROUND,GROUND_TRUTH,21.2322,70.7162,2026-09-06T05:20:00Z,,2.0,,,"B02,B03,B04,B08,B11,B12",samples/nf_fore_0199.npz,GOOD,"Non-fire background sample: Gir Forest Gujarat (forest, Gujarat)"
nf_fore_0200,NON_FIRE,DIVERSE_GEOGRAPHIC_BACKGROUND,GROUND_TRUTH,11.022,76.342,2026-09-06T05:20:00Z,,4.5,,,"B02,B03,B04,B08,B11,B12",samples/nf_fore_0200.npz,GOOD,"Non-fire background sample: Silent Valley Kerala (forest, Kerala)"
nf_fore_0201,NON_FIRE,DIVERSE_GEOGRAPHIC_BACKGROUND,GROUND_TRUTH,22.4425,80.7195,2026-09-06T05:20:00Z,,7.0,,,"B02,B03,B04,B08,B11,B12",samples/nf_fore_0201.npz,GOOD,"Non-fire background sample: Kanha National Park Madhya Pradesh (forest, Madhya Pradesh)"
nf_mang_0202,NON_FIRE,DIVERSE_GEOGRAPHIC_BACKGROUND,WEAK_LABEL,21.8417,89.2913,2026-09-06T05:20:00Z,,9.5,,,"B02,B03,B04,B08,B11,B12",samples/nf_mang_0202.npz,GOOD,"Non-fire background sample: Sundarbans Delta West Bengal (mangrove_forest, West Bengal)"
nf_wetl_0203,NON_FIRE,DIVERSE_GEOGRAPHIC_BACKGROUND,WEAK_LABEL,26.6855,93.0631,2026-09-06T05:20:00Z,,12.0,,,"B02,B03,B04,B08,B11,B12",samples/nf_wetl_0203.npz,GOOD,"Non-fire background sample: Kaziranga National Park Assam (wetland_forest, Assam)"
nf_agri_0204,NON_FIRE,DIVERSE_GEOGRAPHIC_BACKGROUND,WEAK_LABEL,30.793,75.7493,2026-09-06T05:20:00Z,,14.5,,,"B02,B03,B04,B08,B11,B12",samples/nf_agri_0204.npz,GOOD,"Non-fire background sample: Ludhiana Agricultural Belt Punjab (agricultural, Punjab)"
nf_agri_0205,NON_FIRE,DIVERSE_GEOGRAPHIC_BACKGROUND,WEAK_LABEL,16.8187,81.7438,2026-09-06T05:20:00Z,,17.0,,,"B02,B03,B04,B08,B11,B12",samples/nf_agri_0205.npz,GOOD,"Non-fire background sample: Godavari Delta Farmlands Andhra Pradesh (agricultural, Andhra Pradesh)"
nf_agri_0206,NON_FIRE,DIVERSE_GEOGRAPHIC_BACKGROUND,WEAK_LABEL,29.5777,77.0985,2026-09-06T05:20:00Z,,19.5,,,"B02,B03,B04,B08,B11,B12",samples/nf_agri_0206.npz,GOOD,"Non-fire background sample: Karnal Rice-Wheat Belt Haryana (agricultural, Haryana)"
nf_agri_0207,NON_FIRE,DIVERSE_GEOGRAPHIC_BACKGROUND,WEAK_LABEL,10.895,79.0298,2026-09-06T05:20:00Z,,22.0,,,"B02,B03,B04,B08,B11,B12",samples/nf_agri_0207.npz,GOOD,"Non-fire background sample: Thanjavur Cauvery Delta Tamil Nadu (agricultural, Tamil Nadu)"
nf_agri_0208,NON_FIRE,DIVERSE_GEOGRAPHIC_BACKGROUND,WEAK_LABEL,20.8294,77.6716,2026-09-06T05:20:00Z,,24.5,,,"B02,B03,B04,B08,B11,B12",samples/nf_agri_0208.npz,GOOD,"Non-fire background sample: Vidarbha Agricultural Basin Maharashtra (agricultural, Maharashtra)"
nf_urba_0209,NON_FIRE,DIVERSE_GEOGRAPHIC_BACKGROUND,WEAK_LABEL,12.9532,77.7682,2026-09-06T05:20:00Z,,27.0,,,"B02,B03,B04,B08,B11,B12",samples/nf_urba_0209.npz,GOOD,"Non-fire background sample: Bengaluru Electronic City Karnataka (urban, Karnataka)"
nf_urba_0210,NON_FIRE,DIVERSE_GEOGRAPHIC_BACKGROUND,WEAK_LABEL,17.3355,78.4852,2026-09-06T05:20:00Z,,29.5,,,"B02,B03,B04,B08,B11,B12",samples/nf_urba_0210.npz,GOOD,"Non-fire background sample: Hyderabad HITEC City Telangana (urban, Telangana)"
nf_urba_0211,NON_FIRE,DIVERSE_GEOGRAPHIC_BACKGROUND,WEAK_LABEL,18.6993,73.6309,2026-09-06T05:20:00Z,,32.0,,,"B02,B03,B04,B08,B11,B12",samples/nf_urba_0211.npz,ACCEPTABLE,"Non-fire background sample: Pune IT Park Hinjawadi Maharashtra (urban, Maharashtra)"
nf_urba_0212,NON_FIRE,DIVERSE_GEOGRAPHIC_BACKGROUND,WEAK_LABEL,28.52,77.2569,2026-09-06T05:20:00Z,,34.5,,,"B02,B03,B04,B08,B11,B12",samples/nf_urba_0212.npz,ACCEPTABLE,"Non-fire background sample: Noida Sector 62 Uttar Pradesh (urban, Uttar Pradesh)"
nf_urba_0213,NON_FIRE,DIVERSE_GEOGRAPHIC_BACKGROUND,WEAK_LABEL,23.1418,72.6165,2026-09-06T05:20:00Z,,37.0,,,"B02,B03,B04,B08,B11,B12",samples/nf_urba_0213.npz,ACCEPTABLE,"Non-fire background sample: Ahmedabad SG Highway Gujarat (urban, Gujarat)"
nf_indu_0214,NON_FIRE,DIVERSE_GEOGRAPHIC_BACKGROUND,WEAK_LABEL,12.8619,80.0511,2026-09-06T05:20:00Z,,39.5,0.5,non_burning_industrial,"B02,B03,B04,B08,B11,B12",samples/nf_indu_0214.npz,ACCEPTABLE,"Non-fire background sample: Sriperumbudur Industrial Corridor Tamil Nadu (industrial_surroundings, Tamil Nadu)"
nf_indu_0215,NON_FIRE,DIVERSE_GEOGRAPHIC_BACKGROUND,WEAK_LABEL,23.0948,72.2727,2026-09-06T05:20:00Z,,42.0,0.5,non_burning_industrial,"B02,B03,B04,B08,B11,B12",samples/nf_indu_0215.npz,ACCEPTABLE,"Non-fire background sample: Sanand Automotive Hub Gujarat (industrial_surroundings, Gujarat)"
nf_indu_0216,NON_FIRE,DIVERSE_GEOGRAPHIC_BACKGROUND,WEAK_LABEL,22.5068,75.5808,2026-09-06T05:20:00Z,,44.5,0.5,non_burning_industrial,"B02,B03,B04,B08,B11,B12",samples/nf_indu_0216.npz,ACCEPTABLE,"Non-fire background sample: Pithampur Industrial Area Madhya Pradesh (industrial_surroundings, Madhya Pradesh)"
nf_wate_0217,NON_FIRE,DIVERSE_GEOGRAPHIC_BACKGROUND,GROUND_TRUTH,19.8247,85.4247,2026-09-06T05:20:00Z,,2.0,,,"B02,B03,B04,B08,B11,B12",samples/nf_wate_0217.npz,GOOD,"Non-fire background sample: Chilika Lake Odisha (water_body, Odisha)"
nf_arid_0218,NON_FIRE,DIVERSE_GEOGRAPHIC_BACKGROUND,GROUND_TRUTH,26.8077,71.0163,2026-09-06T05:20:00Z,,4.5,,,"B02,B03,B04,B08,B11,B12",samples/nf_arid_0218.npz,GOOD,"Non-fire background sample: Thar Desert Jaisalmer Rajasthan (arid_desert, Rajasthan)"
nf_wate_0219,NON_FIRE,DIVERSE_GEOGRAPHIC_BACKGROUND,GROUND_TRUTH,9.718,76.292,2026-09-06T05:20:00Z,,7.0,,,"B02,B03,B04,B08,B11,B12",samples/nf_wate_0219.npz,GOOD,"Non-fire background sample: Vembanad Lake Kerala (water_body, Kerala)"
nf_arid_0220,NON_FIRE,DIVERSE_GEOGRAPHIC_BACKGROUND,WEAK_LABEL,23.7253,70.392,2026-09-06T05:20:00Z,,9.5,,,"B02,B03,B04,B08,B11,B12",samples/nf_arid_0220.npz,GOOD,"Non-fire background sample: Rann of Kutch Salt Marsh Gujarat (arid_salt_marsh, Gujarat)"
nf_fore_0221,NON_FIRE,DIVERSE_GEOGRAPHIC_BACKGROUND,GROUND_TRUTH,21.2442,70.9442,2026-09-06T05:20:00Z,,12.0,,,"B02,B03,B04,B08,B11,B12",samples/nf_fore_0221.npz,GOOD,"Non-fire background sample: Gir Forest Gujarat (forest, Gujarat)"
nf_fore_0222,NON_FIRE,DIVERSE_GEOGRAPHIC_BACKGROUND,GROUND_TRUTH,11.01,76.57,2026-09-06T05:20:00Z,,14.5,,,"B02,B03,B04,B08,B11,B12",samples/nf_fore_0222.npz,GOOD,"Non-fire background sample: Silent Valley Kerala (forest, Kerala)"
nf_fore_0223,NON_FIRE,DIVERSE_GEOGRAPHIC_BACKGROUND,GROUND_TRUTH,22.4545,80.4915,2026-09-06T05:20:00Z,,17.0,,,"B02,B03,B04,B08,B11,B12",samples/nf_fore_0223.npz,GOOD,"Non-fire background sample: Kanha National Park Madhya Pradesh (forest, Madhya Pradesh)"
nf_mang_0224,NON_FIRE,DIVERSE_GEOGRAPHIC_BACKGROUND,WEAK_LABEL,21.8297,89.0633,2026-09-06T05:20:00Z,,19.5,,,"B02,B03,B04,B08,B11,B12",samples/nf_mang_0224.npz,GOOD,"Non-fire background sample: Sundarbans Delta West Bengal (mangrove_forest, West Bengal)"
nf_wetl_0225,NON_FIRE,DIVERSE_GEOGRAPHIC_BACKGROUND,WEAK_LABEL,26.6975,93.2911,2026-09-06T05:20:00Z,,22.0,,,"B02,B03,B04,B08,B11,B12",samples/nf_wetl_0225.npz,GOOD,"Non-fire background sample: Kaziranga National Park Assam (wetland_forest, Assam)"
nf_agri_0226,NON_FIRE,DIVERSE_GEOGRAPHIC_BACKGROUND,WEAK_LABEL,30.781,75.9773,2026-09-06T05:20:00Z,,24.5,,,"B02,B03,B04,B08,B11,B12",samples/nf_agri_0226.npz,GOOD,"Non-fire background sample: Ludhiana Agricultural Belt Punjab (agricultural, Punjab)"
nf_agri_0227,NON_FIRE,DIVERSE_GEOGRAPHIC_BACKGROUND,WEAK_LABEL,16.8307,81.5158,2026-09-06T05:20:00Z,,27.0,,,"B02,B03,B04,B08,B11,B12",samples/nf_agri_0227.npz,GOOD,"Non-fire background sample: Godavari Delta Farmlands Andhra Pradesh (agricultural, Andhra Pradesh)"
nf_agri_0228,NON_FIRE,DIVERSE_GEOGRAPHIC_BACKGROUND,WEAK_LABEL,29.5657,76.8705,2026-09-06T05:20:00Z,,29.5,,,"B02,B03,B04,B08,B11,B12",samples/nf_agri_0228.npz,GOOD,"Non-fire background sample: Karnal Rice-Wheat Belt Haryana (agricultural, Haryana)"
nf_agri_0229,NON_FIRE,DIVERSE_GEOGRAPHIC_BACKGROUND,WEAK_LABEL,10.907,79.2578,2026-09-06T05:20:00Z,,32.0,,,"B02,B03,B04,B08,B11,B12",samples/nf_agri_0229.npz,ACCEPTABLE,"Non-fire background sample: Thanjavur Cauvery Delta Tamil Nadu (agricultural, Tamil Nadu)"
nf_agri_0230,NON_FIRE,DIVERSE_GEOGRAPHIC_BACKGROUND,WEAK_LABEL,20.8174,77.8996,2026-09-06T05:20:00Z,,34.5,,,"B02,B03,B04,B08,B11,B12",samples/nf_agri_0230.npz,ACCEPTABLE,"Non-fire background sample: Vidarbha Agricultural Basin Maharashtra (agricultural, Maharashtra)"
nf_urba_0231,NON_FIRE,DIVERSE_GEOGRAPHIC_BACKGROUND,WEAK_LABEL,12.9652,77.5402,2026-09-06T05:20:00Z,,37.0,,,"B02,B03,B04,B08,B11,B12",samples/nf_urba_0231.npz,ACCEPTABLE,"Non-fire background sample: Bengaluru Electronic City Karnataka (urban, Karnataka)"
nf_urba_0232,NON_FIRE,DIVERSE_GEOGRAPHIC_BACKGROUND,WEAK_LABEL,17.3235,78.2572,2026-09-06T05:20:00Z,,39.5,,,"B02,B03,B04,B08,B11,B12",samples/nf_urba_0232.npz,ACCEPTABLE,"Non-fire background sample: Hyderabad HITEC City Telangana (urban, Telangana)"
nf_urba_0233,NON_FIRE,DIVERSE_GEOGRAPHIC_BACKGROUND,WEAK_LABEL,18.7113,73.8589,2026-09-06T05:20:00Z,,42.0,,,"B02,B03,B04,B08,B11,B12",samples/nf_urba_0233.npz,ACCEPTABLE,"Non-fire background sample: Pune IT Park Hinjawadi Maharashtra (urban, Maharashtra)"
nf_urba_0234,NON_FIRE,DIVERSE_GEOGRAPHIC_BACKGROUND,WEAK_LABEL,28.508,77.4849,2026-09-06T05:20:00Z,,44.5,,,"B02,B03,B04,B08,B11,B12",samples/nf_urba_0234.npz,ACCEPTABLE,"Non-fire background sample: Noida Sector 62 Uttar Pradesh (urban, Uttar Pradesh)"
nf_urba_0235,NON_FIRE,DIVERSE_GEOGRAPHIC_BACKGROUND,WEAK_LABEL,23.1538,72.3885,2026-09-06T05:20:00Z,,2.0,,,"B02,B03,B04,B08,B11,B12",samples/nf_urba_0235.npz,GOOD,"Non-fire background sample: Ahmedabad SG Highway Gujarat (urban, Gujarat)"
nf_indu_0236,NON_FIRE,DIVERSE_GEOGRAPHIC_BACKGROUND,WEAK_LABEL,12.8499,79.8231,2026-09-06T05:20:00Z,,4.5,0.5,non_burning_industrial,"B02,B03,B04,B08,B11,B12",samples/nf_indu_0236.npz,GOOD,"Non-fire background sample: Sriperumbudur Industrial Corridor Tamil Nadu (industrial_surroundings, Tamil Nadu)"
nf_indu_0237,NON_FIRE,DIVERSE_GEOGRAPHIC_BACKGROUND,WEAK_LABEL,23.1068,72.5007,2026-09-06T05:20:00Z,,7.0,0.5,non_burning_industrial,"B02,B03,B04,B08,B11,B12",samples/nf_indu_0237.npz,GOOD,"Non-fire background sample: Sanand Automotive Hub Gujarat (industrial_surroundings, Gujarat)"
nf_indu_0238,NON_FIRE,DIVERSE_GEOGRAPHIC_BACKGROUND,WEAK_LABEL,22.4948,75.8088,2026-09-06T05:20:00Z,,9.5,0.5,non_burning_industrial,"B02,B03,B04,B08,B11,B12",samples/nf_indu_0238.npz,GOOD,"Non-fire background sample: Pithampur Industrial Area Madhya Pradesh (industrial_surroundings, Madhya Pradesh)"
nf_wate_0239,NON_FIRE,DIVERSE_GEOGRAPHIC_BACKGROUND,GROUND_TRUTH,19.8367,85.1967,2026-09-06T05:20:00Z,,12.0,,,"B02,B03,B04,B08,B11,B12",samples/nf_wate_0239.npz,GOOD,"Non-fire background sample: Chilika Lake Odisha (water_body, Odisha)"
nf_arid_0240,NON_FIRE,DIVERSE_GEOGRAPHIC_BACKGROUND,GROUND_TRUTH,26.7957,70.7883,2026-09-06T05:20:00Z,,14.5,,,"B02,B03,B04,B08,B11,B12",samples/nf_arid_0240.npz,GOOD,"Non-fire background sample: Thar Desert Jaisalmer Rajasthan (arid_desert, Rajasthan)"
nf_wate_0241,NON_FIRE,DIVERSE_GEOGRAPHIC_BACKGROUND,GROUND_TRUTH,9.73,76.52,2026-09-06T05:20:00Z,,17.0,,,"B02,B03,B04,B08,B11,B12",samples/nf_wate_0241.npz,GOOD,"Non-fire background sample: Vembanad Lake Kerala (water_body, Kerala)"
nf_arid_0242,NON_FIRE,DIVERSE_GEOGRAPHIC_BACKGROUND,WEAK_LABEL,23.7133,70.62,2026-09-06T05:20:00Z,,19.5,,,"B02,B03,B04,B08,B11,B12",samples/nf_arid_0242.npz,GOOD,"Non-fire background sample: Rann of Kutch Salt Marsh Gujarat (arid_salt_marsh, Gujarat)"
nf_fore_0243,NON_FIRE,DIVERSE_GEOGRAPHIC_BACKGROUND,GROUND_TRUTH,21.2562,70.6922,2026-09-06T05:20:00Z,,22.0,,,"B02,B03,B04,B08,B11,B12",samples/nf_fore_0243.npz,GOOD,"Non-fire background sample: Gir Forest Gujarat (forest, Gujarat)"
nf_fore_0244,NON_FIRE,DIVERSE_GEOGRAPHIC_BACKGROUND,GROUND_TRUTH,10.998,76.318,2026-09-06T05:20:00Z,,24.5,,,"B02,B03,B04,B08,B11,B12",samples/nf_fore_0244.npz,GOOD,"Non-fire background sample: Silent Valley Kerala (forest, Kerala)"
nf_fore_0245,NON_FIRE,DIVERSE_GEOGRAPHIC_BACKGROUND,GROUND_TRUTH,22.4665,80.7435,2026-09-06T05:20:00Z,,27.0,,,"B02,B03,B04,B08,B11,B12",samples/nf_fore_0245.npz,GOOD,"Non-fire background sample: Kanha National Park Madhya Pradesh (forest, Madhya Pradesh)"
nf_mang_0246,NON_FIRE,DIVERSE_GEOGRAPHIC_BACKGROUND,WEAK_LABEL,21.8177,89.3153,2026-09-06T05:20:00Z,,29.5,,,"B02,B03,B04,B08,B11,B12",samples/nf_mang_0246.npz,GOOD,"Non-fire background sample: Sundarbans Delta West Bengal (mangrove_forest, West Bengal)"
nf_wetl_0247,NON_FIRE,DIVERSE_GEOGRAPHIC_BACKGROUND,WEAK_LABEL,26.7095,93.0391,2026-09-06T05:20:00Z,,32.0,,,"B02,B03,B04,B08,B11,B12",samples/nf_wetl_0247.npz,ACCEPTABLE,"Non-fire background sample: Kaziranga National Park Assam (wetland_forest, Assam)"
nf_agri_0248,NON_FIRE,DIVERSE_GEOGRAPHIC_BACKGROUND,WEAK_LABEL,30.769,75.7253,2026-09-06T05:20:00Z,,34.5,,,"B02,B03,B04,B08,B11,B12",samples/nf_agri_0248.npz,ACCEPTABLE,"Non-fire background sample: Ludhiana Agricultural Belt Punjab (agricultural, Punjab)"
nf_agri_0249,NON_FIRE,DIVERSE_GEOGRAPHIC_BACKGROUND,WEAK_LABEL,16.8427,81.7678,2026-09-06T05:20:00Z,,37.0,,,"B02,B03,B04,B08,B11,B12",samples/nf_agri_0249.npz,ACCEPTABLE,"Non-fire background sample: Godavari Delta Farmlands Andhra Pradesh (agricultural, Andhra Pradesh)"
nf_agri_0250,NON_FIRE,DIVERSE_GEOGRAPHIC_BACKGROUND,WEAK_LABEL,29.5537,77.1225,2026-09-06T05:20:00Z,,39.5,,,"B02,B03,B04,B08,B11,B12",samples/nf_agri_0250.npz,ACCEPTABLE,"Non-fire background sample: Karnal Rice-Wheat Belt Haryana (agricultural, Haryana)"
nf_agri_0251,NON_FIRE,DIVERSE_GEOGRAPHIC_BACKGROUND,WEAK_LABEL,10.919,79.0058,2026-09-06T05:20:00Z,,42.0,,,"B02,B03,B04,B08,B11,B12",samples/nf_agri_0251.npz,ACCEPTABLE,"Non-fire background sample: Thanjavur Cauvery Delta Tamil Nadu (agricultural, Tamil Nadu)"
nf_agri_0252,NON_FIRE,DIVERSE_GEOGRAPHIC_BACKGROUND,WEAK_LABEL,20.8054,77.6476,2026-09-06T05:20:00Z,,44.5,,,"B02,B03,B04,B08,B11,B12",samples/nf_agri_0252.npz,ACCEPTABLE,"Non-fire background sample: Vidarbha Agricultural Basin Maharashtra (agricultural, Maharashtra)"
nf_urba_0253,NON_FIRE,DIVERSE_GEOGRAPHIC_BACKGROUND,WEAK_LABEL,12.9772,77.7922,2026-09-06T05:20:00Z,,2.0,,,"B02,B03,B04,B08,B11,B12",samples/nf_urba_0253.npz,GOOD,"Non-fire background sample: Bengaluru Electronic City Karnataka (urban, Karnataka)"
nf_urba_0254,NON_FIRE,DIVERSE_GEOGRAPHIC_BACKGROUND,WEAK_LABEL,17.3115,78.5092,2026-09-06T05:20:00Z,,4.5,,,"B02,B03,B04,B08,B11,B12",samples/nf_urba_0254.npz,GOOD,"Non-fire background sample: Hyderabad HITEC City Telangana (urban, Telangana)"
nf_urba_0255,NON_FIRE,DIVERSE_GEOGRAPHIC_BACKGROUND,WEAK_LABEL,18.7233,73.6069,2026-09-06T05:20:00Z,,7.0,,,"B02,B03,B04,B08,B11,B12",samples/nf_urba_0255.npz,GOOD,"Non-fire background sample: Pune IT Park Hinjawadi Maharashtra (urban, Maharashtra)"
nf_urba_0256,NON_FIRE,DIVERSE_GEOGRAPHIC_BACKGROUND,WEAK_LABEL,28.496,77.2329,2026-09-06T05:20:00Z,,9.5,,,"B02,B03,B04,B08,B11,B12",samples/nf_urba_0256.npz,GOOD,"Non-fire background sample: Noida Sector 62 Uttar Pradesh (urban, Uttar Pradesh)"
nf_urba_0257,NON_FIRE,DIVERSE_GEOGRAPHIC_BACKGROUND,WEAK_LABEL,23.1658,72.6405,2026-09-06T05:20:00Z,,12.0,,,"B02,B03,B04,B08,B11,B12",samples/nf_urba_0257.npz,GOOD,"Non-fire background sample: Ahmedabad SG Highway Gujarat (urban, Gujarat)"
nf_indu_0258,NON_FIRE,DIVERSE_GEOGRAPHIC_BACKGROUND,WEAK_LABEL,12.8379,80.0751,2026-09-06T05:20:00Z,,14.5,0.5,non_burning_industrial,"B02,B03,B04,B08,B11,B12",samples/nf_indu_0258.npz,GOOD,"Non-fire background sample: Sriperumbudur Industrial Corridor Tamil Nadu (industrial_surroundings, Tamil Nadu)"
nf_indu_0259,NON_FIRE,DIVERSE_GEOGRAPHIC_BACKGROUND,WEAK_LABEL,23.1188,72.2487,2026-09-06T05:20:00Z,,17.0,0.5,non_burning_industrial,"B02,B03,B04,B08,B11,B12",samples/nf_indu_0259.npz,GOOD,"Non-fire background sample: Sanand Automotive Hub Gujarat (industrial_surroundings, Gujarat)"
nf_indu_0260,NON_FIRE,DIVERSE_GEOGRAPHIC_BACKGROUND,WEAK_LABEL,22.4828,75.5568,2026-09-06T05:20:00Z,,19.5,0.5,non_burning_industrial,"B02,B03,B04,B08,B11,B12",samples/nf_indu_0260.npz,GOOD,"Non-fire background sample: Pithampur Industrial Area Madhya Pradesh (industrial_surroundings, Madhya Pradesh)"
nf_wate_0261,NON_FIRE,DIVERSE_GEOGRAPHIC_BACKGROUND,GROUND_TRUTH,19.8487,85.4487,2026-09-06T05:20:00Z,,22.0,,,"B02,B03,B04,B08,B11,B12",samples/nf_wate_0261.npz,GOOD,"Non-fire background sample: Chilika Lake Odisha (water_body, Odisha)"
nf_arid_0262,NON_FIRE,DIVERSE_GEOGRAPHIC_BACKGROUND,GROUND_TRUTH,26.7837,71.0403,2026-09-06T05:20:00Z,,24.5,,,"B02,B03,B04,B08,B11,B12",samples/nf_arid_0262.npz,GOOD,"Non-fire background sample: Thar Desert Jaisalmer Rajasthan (arid_desert, Rajasthan)"
nf_wate_0263,NON_FIRE,DIVERSE_GEOGRAPHIC_BACKGROUND,GROUND_TRUTH,9.742,76.268,2026-09-06T05:20:00Z,,27.0,,,"B02,B03,B04,B08,B11,B12",samples/nf_wate_0263.npz,GOOD,"Non-fire background sample: Vembanad Lake Kerala (water_body, Kerala)"
nf_arid_0264,NON_FIRE,DIVERSE_GEOGRAPHIC_BACKGROUND,WEAK_LABEL,23.7013,70.368,2026-09-06T05:20:00Z,,29.5,,,"B02,B03,B04,B08,B11,B12",samples/nf_arid_0264.npz,GOOD,"Non-fire background sample: Rann of Kutch Salt Marsh Gujarat (arid_salt_marsh, Gujarat)"
nf_fore_0265,NON_FIRE,DIVERSE_GEOGRAPHIC_BACKGROUND,GROUND_TRUTH,21.2682,70.9682,2026-09-06T05:20:00Z,,32.0,,,"B02,B03,B04,B08,B11,B12",samples/nf_fore_0265.npz,ACCEPTABLE,"Non-fire background sample: Gir Forest Gujarat (forest, Gujarat)"
nf_fore_0266,NON_FIRE,DIVERSE_GEOGRAPHIC_BACKGROUND,GROUND_TRUTH,10.986,76.594,2026-09-06T05:20:00Z,,34.5,,,"B02,B03,B04,B08,B11,B12",samples/nf_fore_0266.npz,ACCEPTABLE,"Non-fire background sample: Silent Valley Kerala (forest, Kerala)"
nf_fore_0267,NON_FIRE,DIVERSE_GEOGRAPHIC_BACKGROUND,GROUND_TRUTH,22.4785,80.4675,2026-09-06T05:20:00Z,,37.0,,,"B02,B03,B04,B08,B11,B12",samples/nf_fore_0267.npz,ACCEPTABLE,"Non-fire background sample: Kanha National Park Madhya Pradesh (forest, Madhya Pradesh)"
nf_mang_0268,NON_FIRE,DIVERSE_GEOGRAPHIC_BACKGROUND,WEAK_LABEL,21.8057,89.0393,2026-09-06T05:20:00Z,,39.5,,,"B02,B03,B04,B08,B11,B12",samples/nf_mang_0268.npz,ACCEPTABLE,"Non-fire background sample: Sundarbans Delta West Bengal (mangrove_forest, West Bengal)"
nf_wetl_0269,NON_FIRE,DIVERSE_GEOGRAPHIC_BACKGROUND,WEAK_LABEL,26.7215,93.3151,2026-09-06T05:20:00Z,,42.0,,,"B02,B03,B04,B08,B11,B12",samples/nf_wetl_0269.npz,ACCEPTABLE,"Non-fire background sample: Kaziranga National Park Assam (wetland_forest, Assam)"
nf_agri_0270,NON_FIRE,DIVERSE_GEOGRAPHIC_BACKGROUND,WEAK_LABEL,30.757,76.0013,2026-09-06T05:20:00Z,,44.5,,,"B02,B03,B04,B08,B11,B12",samples/nf_agri_0270.npz,ACCEPTABLE,"Non-fire background sample: Ludhiana Agricultural Belt Punjab (agricultural, Punjab)"
nf_agri_0271,NON_FIRE,DIVERSE_GEOGRAPHIC_BACKGROUND,WEAK_LABEL,16.8547,81.4918,2026-09-06T05:20:00Z,,2.0,,,"B02,B03,B04,B08,B11,B12",samples/nf_agri_0271.npz,GOOD,"Non-fire background sample: Godavari Delta Farmlands Andhra Pradesh (agricultural, Andhra Pradesh)"
nf_agri_0272,NON_FIRE,DIVERSE_GEOGRAPHIC_BACKGROUND,WEAK_LABEL,29.5417,76.8465,2026-09-06T05:20:00Z,,4.5,,,"B02,B03,B04,B08,B11,B12",samples/nf_agri_0272.npz,GOOD,"Non-fire background sample: Karnal Rice-Wheat Belt Haryana (agricultural, Haryana)"
nf_agri_0273,NON_FIRE,DIVERSE_GEOGRAPHIC_BACKGROUND,WEAK_LABEL,10.931,79.2818,2026-09-06T05:20:00Z,,7.0,,,"B02,B03,B04,B08,B11,B12",samples/nf_agri_0273.npz,GOOD,"Non-fire background sample: Thanjavur Cauvery Delta Tamil Nadu (agricultural, Tamil Nadu)"
nf_agri_0274,NON_FIRE,DIVERSE_GEOGRAPHIC_BACKGROUND,WEAK_LABEL,20.7934,77.9236,2026-09-06T05:20:00Z,,9.5,,,"B02,B03,B04,B08,B11,B12",samples/nf_agri_0274.npz,GOOD,"Non-fire background sample: Vidarbha Agricultural Basin Maharashtra (agricultural, Maharashtra)"
nf_urba_0275,NON_FIRE,DIVERSE_GEOGRAPHIC_BACKGROUND,WEAK_LABEL,12.9892,77.5162,2026-09-06T05:20:00Z,,12.0,,,"B02,B03,B04,B08,B11,B12",samples/nf_urba_0275.npz,GOOD,"Non-fire background sample: Bengaluru Electronic City Karnataka (urban, Karnataka)"
nf_urba_0276,NON_FIRE,DIVERSE_GEOGRAPHIC_BACKGROUND,WEAK_LABEL,17.2995,78.2332,2026-09-06T05:20:00Z,,14.5,,,"B02,B03,B04,B08,B11,B12",samples/nf_urba_0276.npz,GOOD,"Non-fire background sample: Hyderabad HITEC City Telangana (urban, Telangana)"
nf_urba_0277,NON_FIRE,DIVERSE_GEOGRAPHIC_BACKGROUND,WEAK_LABEL,18.7353,73.8829,2026-09-06T05:20:00Z,,17.0,,,"B02,B03,B04,B08,B11,B12",samples/nf_urba_0277.npz,GOOD,"Non-fire background sample: Pune IT Park Hinjawadi Maharashtra (urban, Maharashtra)"
nf_urba_0278,NON_FIRE,DIVERSE_GEOGRAPHIC_BACKGROUND,WEAK_LABEL,28.484,77.5089,2026-09-06T05:20:00Z,,19.5,,,"B02,B03,B04,B08,B11,B12",samples/nf_urba_0278.npz,GOOD,"Non-fire background sample: Noida Sector 62 Uttar Pradesh (urban, Uttar Pradesh)"
nf_urba_0279,NON_FIRE,DIVERSE_GEOGRAPHIC_BACKGROUND,WEAK_LABEL,23.1778,72.3645,2026-09-06T05:20:00Z,,22.0,,,"B02,B03,B04,B08,B11,B12",samples/nf_urba_0279.npz,GOOD,"Non-fire background sample: Ahmedabad SG Highway Gujarat (urban, Gujarat)"
nf_indu_0280,NON_FIRE,DIVERSE_GEOGRAPHIC_BACKGROUND,WEAK_LABEL,12.8259,79.7991,2026-09-06T05:20:00Z,,24.5,0.5,non_burning_industrial,"B02,B03,B04,B08,B11,B12",samples/nf_indu_0280.npz,GOOD,"Non-fire background sample: Sriperumbudur Industrial Corridor Tamil Nadu (industrial_surroundings, Tamil Nadu)"
nf_indu_0281,NON_FIRE,DIVERSE_GEOGRAPHIC_BACKGROUND,WEAK_LABEL,23.1308,72.5247,2026-09-06T05:20:00Z,,27.0,0.5,non_burning_industrial,"B02,B03,B04,B08,B11,B12",samples/nf_indu_0281.npz,GOOD,"Non-fire background sample: Sanand Automotive Hub Gujarat (industrial_surroundings, Gujarat)"
nf_indu_0282,NON_FIRE,DIVERSE_GEOGRAPHIC_BACKGROUND,WEAK_LABEL,22.4708,75.8328,2026-09-06T05:20:00Z,,29.5,0.5,non_burning_industrial,"B02,B03,B04,B08,B11,B12",samples/nf_indu_0282.npz,GOOD,"Non-fire background sample: Pithampur Industrial Area Madhya Pradesh (industrial_surroundings, Madhya Pradesh)"
nf_wate_0283,NON_FIRE,DIVERSE_GEOGRAPHIC_BACKGROUND,GROUND_TRUTH,19.8607,85.1727,2026-09-06T05:20:00Z,,32.0,,,"B02,B03,B04,B08,B11,B12",samples/nf_wate_0283.npz,ACCEPTABLE,"Non-fire background sample: Chilika Lake Odisha (water_body, Odisha)"
nf_arid_0284,NON_FIRE,DIVERSE_GEOGRAPHIC_BACKGROUND,GROUND_TRUTH,26.7717,70.7643,2026-09-06T05:20:00Z,,34.5,,,"B02,B03,B04,B08,B11,B12",samples/nf_arid_0284.npz,ACCEPTABLE,"Non-fire background sample: Thar Desert Jaisalmer Rajasthan (arid_desert, Rajasthan)"
nf_wate_0285,NON_FIRE,DIVERSE_GEOGRAPHIC_BACKGROUND,GROUND_TRUTH,9.754,76.544,2026-09-06T05:20:00Z,,37.0,,,"B02,B03,B04,B08,B11,B12",samples/nf_wate_0285.npz,ACCEPTABLE,"Non-fire background sample: Vembanad Lake Kerala (water_body, Kerala)"
nf_arid_0286,NON_FIRE,DIVERSE_GEOGRAPHIC_BACKGROUND,WEAK_LABEL,23.6893,70.644,2026-09-06T05:20:00Z,,39.5,,,"B02,B03,B04,B08,B11,B12",samples/nf_arid_0286.npz,ACCEPTABLE,"Non-fire background sample: Rann of Kutch Salt Marsh Gujarat (arid_salt_marsh, Gujarat)"
nf_fore_0287,NON_FIRE,DIVERSE_GEOGRAPHIC_BACKGROUND,GROUND_TRUTH,21.2802,70.6682,2026-09-06T05:20:00Z,,42.0,,,"B02,B03,B04,B08,B11,B12",samples/nf_fore_0287.npz,ACCEPTABLE,"Non-fire background sample: Gir Forest Gujarat (forest, Gujarat)"
nf_fore_0288,NON_FIRE,DIVERSE_GEOGRAPHIC_BACKGROUND,GROUND_TRUTH,10.974,76.294,2026-09-06T05:20:00Z,,44.5,,,"B02,B03,B04,B08,B11,B12",samples/nf_fore_0288.npz,ACCEPTABLE,"Non-fire background sample: Silent Valley Kerala (forest, Kerala)"
nf_fore_0289,NON_FIRE,DIVERSE_GEOGRAPHIC_BACKGROUND,GROUND_TRUTH,22.4905,80.7675,2026-09-06T05:20:00Z,,2.0,,,"B02,B03,B04,B08,B11,B12",samples/nf_fore_0289.npz,GOOD,"Non-fire background sample: Kanha National Park Madhya Pradesh (forest, Madhya Pradesh)"
nf_mang_0290,NON_FIRE,DIVERSE_GEOGRAPHIC_BACKGROUND,WEAK_LABEL,21.7937,89.3393,2026-09-06T05:20:00Z,,4.5,,,"B02,B03,B04,B08,B11,B12",samples/nf_mang_0290.npz,GOOD,"Non-fire background sample: Sundarbans Delta West Bengal (mangrove_forest, West Bengal)"
nf_wetl_0291,NON_FIRE,DIVERSE_GEOGRAPHIC_BACKGROUND,WEAK_LABEL,26.7335,93.0151,2026-09-06T05:20:00Z,,7.0,,,"B02,B03,B04,B08,B11,B12",samples/nf_wetl_0291.npz,GOOD,"Non-fire background sample: Kaziranga National Park Assam (wetland_forest, Assam)"
nf_agri_0292,NON_FIRE,DIVERSE_GEOGRAPHIC_BACKGROUND,WEAK_LABEL,30.745,75.7013,2026-09-06T05:20:00Z,,9.5,,,"B02,B03,B04,B08,B11,B12",samples/nf_agri_0292.npz,GOOD,"Non-fire background sample: Ludhiana Agricultural Belt Punjab (agricultural, Punjab)"
nf_agri_0293,NON_FIRE,DIVERSE_GEOGRAPHIC_BACKGROUND,WEAK_LABEL,16.8667,81.7918,2026-09-06T05:20:00Z,,12.0,,,"B02,B03,B04,B08,B11,B12",samples/nf_agri_0293.npz,GOOD,"Non-fire background sample: Godavari Delta Farmlands Andhra Pradesh (agricultural, Andhra Pradesh)"
nf_agri_0294,NON_FIRE,DIVERSE_GEOGRAPHIC_BACKGROUND,WEAK_LABEL,29.5297,77.1465,2026-09-06T05:20:00Z,,14.5,,,"B02,B03,B04,B08,B11,B12",samples/nf_agri_0294.npz,GOOD,"Non-fire background sample: Karnal Rice-Wheat Belt Haryana (agricultural, Haryana)"
nf_agri_0295,NON_FIRE,DIVERSE_GEOGRAPHIC_BACKGROUND,WEAK_LABEL,10.943,78.9818,2026-09-06T05:20:00Z,,17.0,,,"B02,B03,B04,B08,B11,B12",samples/nf_agri_0295.npz,GOOD,"Non-fire background sample: Thanjavur Cauvery Delta Tamil Nadu (agricultural, Tamil Nadu)"
nf_agri_0296,NON_FIRE,DIVERSE_GEOGRAPHIC_BACKGROUND,WEAK_LABEL,20.7814,77.6236,2026-09-06T05:20:00Z,,19.5,,,"B02,B03,B04,B08,B11,B12",samples/nf_agri_0296.npz,GOOD,"Non-fire background sample: Vidarbha Agricultural Basin Maharashtra (agricultural, Maharashtra)"
nf_urba_0297,NON_FIRE,DIVERSE_GEOGRAPHIC_BACKGROUND,WEAK_LABEL,13.0012,77.8162,2026-09-06T05:20:00Z,,22.0,,,"B02,B03,B04,B08,B11,B12",samples/nf_urba_0297.npz,GOOD,"Non-fire background sample: Bengaluru Electronic City Karnataka (urban, Karnataka)"
nf_urba_0298,NON_FIRE,DIVERSE_GEOGRAPHIC_BACKGROUND,WEAK_LABEL,17.2875,78.5332,2026-09-06T05:20:00Z,,24.5,,,"B02,B03,B04,B08,B11,B12",samples/nf_urba_0298.npz,GOOD,"Non-fire background sample: Hyderabad HITEC City Telangana (urban, Telangana)"
nf_urba_0299,NON_FIRE,DIVERSE_GEOGRAPHIC_BACKGROUND,WEAK_LABEL,18.7473,73.5829,2026-09-06T05:20:00Z,,27.0,,,"B02,B03,B04,B08,B11,B12",samples/nf_urba_0299.npz,GOOD,"Non-fire background sample: Pune IT Park Hinjawadi Maharashtra (urban, Maharashtra)"
nf_urba_0300,NON_FIRE,DIVERSE_GEOGRAPHIC_BACKGROUND,WEAK_LABEL,28.472,77.2089,2026-09-06T05:20:00Z,,29.5,,,"B02,B03,B04,B08,B11,B12",samples/nf_urba_0300.npz,GOOD,"Non-fire background sample: Noida Sector 62 Uttar Pradesh (urban, Uttar Pradesh)"
nf_urba_0301,NON_FIRE,DIVERSE_GEOGRAPHIC_BACKGROUND,WEAK_LABEL,23.1898,72.6645,2026-09-06T05:20:00Z,,32.0,,,"B02,B03,B04,B08,B11,B12",samples/nf_urba_0301.npz,ACCEPTABLE,"Non-fire background sample: Ahmedabad SG Highway Gujarat (urban, Gujarat)"
nf_indu_0302,NON_FIRE,DIVERSE_GEOGRAPHIC_BACKGROUND,WEAK_LABEL,12.8139,80.0991,2026-09-06T05:20:00Z,,34.5,0.5,non_burning_industrial,"B02,B03,B04,B08,B11,B12",samples/nf_indu_0302.npz,ACCEPTABLE,"Non-fire background sample: Sriperumbudur Industrial Corridor Tamil Nadu (industrial_surroundings, Tamil Nadu)"
nf_indu_0303,NON_FIRE,DIVERSE_GEOGRAPHIC_BACKGROUND,WEAK_LABEL,23.1428,72.2247,2026-09-06T05:20:00Z,,37.0,0.5,non_burning_industrial,"B02,B03,B04,B08,B11,B12",samples/nf_indu_0303.npz,ACCEPTABLE,"Non-fire background sample: Sanand Automotive Hub Gujarat (industrial_surroundings, Gujarat)"
nf_indu_0304,NON_FIRE,DIVERSE_GEOGRAPHIC_BACKGROUND,WEAK_LABEL,22.4588,75.5328,2026-09-06T05:20:00Z,,39.5,0.5,non_burning_industrial,"B02,B03,B04,B08,B11,B12",samples/nf_indu_0304.npz,ACCEPTABLE,"Non-fire background sample: Pithampur Industrial Area Madhya Pradesh (industrial_surroundings, Madhya Pradesh)"
nf_wate_0305,NON_FIRE,DIVERSE_GEOGRAPHIC_BACKGROUND,GROUND_TRUTH,19.8727,85.4727,2026-09-06T05:20:00Z,,42.0,,,"B02,B03,B04,B08,B11,B12",samples/nf_wate_0305.npz,ACCEPTABLE,"Non-fire background sample: Chilika Lake Odisha (water_body, Odisha)"
nf_arid_0306,NON_FIRE,DIVERSE_GEOGRAPHIC_BACKGROUND,GROUND_TRUTH,26.7597,71.0643,2026-09-06T05:20:00Z,,44.5,,,"B02,B03,B04,B08,B11,B12",samples/nf_arid_0306.npz,ACCEPTABLE,"Non-fire background sample: Thar Desert Jaisalmer Rajasthan (arid_desert, Rajasthan)"
nf_wate_0307,NON_FIRE,DIVERSE_GEOGRAPHIC_BACKGROUND,GROUND_TRUTH,9.766,76.244,2026-09-06T05:20:00Z,,2.0,,,"B02,B03,B04,B08,B11,B12",samples/nf_wate_0307.npz,GOOD,"Non-fire background sample: Vembanad Lake Kerala (water_body, Kerala)"
nf_arid_0308,NON_FIRE,DIVERSE_GEOGRAPHIC_BACKGROUND,WEAK_LABEL,23.6773,70.344,2026-09-06T05:20:00Z,,4.5,,,"B02,B03,B04,B08,B11,B12",samples/nf_arid_0308.npz,GOOD,"Non-fire background sample: Rann of Kutch Salt Marsh Gujarat (arid_salt_marsh, Gujarat)"
nf_fore_0309,NON_FIRE,DIVERSE_GEOGRAPHIC_BACKGROUND,GROUND_TRUTH,21.2922,70.9922,2026-09-06T05:20:00Z,,7.0,,,"B02,B03,B04,B08,B11,B12",samples/nf_fore_0309.npz,GOOD,"Non-fire background sample: Gir Forest Gujarat (forest, Gujarat)"
nf_fore_0310,NON_FIRE,DIVERSE_GEOGRAPHIC_BACKGROUND,GROUND_TRUTH,10.962,76.618,2026-09-06T05:20:00Z,,9.5,,,"B02,B03,B04,B08,B11,B12",samples/nf_fore_0310.npz,GOOD,"Non-fire background sample: Silent Valley Kerala (forest, Kerala)"
nf_fore_0311,NON_FIRE,DIVERSE_GEOGRAPHIC_BACKGROUND,GROUND_TRUTH,22.5025,80.4435,2026-09-06T05:20:00Z,,12.0,,,"B02,B03,B04,B08,B11,B12",samples/nf_fore_0311.npz,GOOD,"Non-fire background sample: Kanha National Park Madhya Pradesh (forest, Madhya Pradesh)"
nf_mang_0312,NON_FIRE,DIVERSE_GEOGRAPHIC_BACKGROUND,WEAK_LABEL,21.7817,89.0153,2026-09-06T05:20:00Z,,14.5,,,"B02,B03,B04,B08,B11,B12",samples/nf_mang_0312.npz,GOOD,"Non-fire background sample: Sundarbans Delta West Bengal (mangrove_forest, West Bengal)"
nf_wetl_0313,NON_FIRE,DIVERSE_GEOGRAPHIC_BACKGROUND,WEAK_LABEL,26.7455,93.3391,2026-09-06T05:20:00Z,,17.0,,,"B02,B03,B04,B08,B11,B12",samples/nf_wetl_0313.npz,GOOD,"Non-fire background sample: Kaziranga National Park Assam (wetland_forest, Assam)"
nf_agri_0314,NON_FIRE,DIVERSE_GEOGRAPHIC_BACKGROUND,WEAK_LABEL,30.733,76.0253,2026-09-06T05:20:00Z,,19.5,,,"B02,B03,B04,B08,B11,B12",samples/nf_agri_0314.npz,GOOD,"Non-fire background sample: Ludhiana Agricultural Belt Punjab (agricultural, Punjab)"
nf_agri_0315,NON_FIRE,DIVERSE_GEOGRAPHIC_BACKGROUND,WEAK_LABEL,16.8787,81.4678,2026-09-06T05:20:00Z,,22.0,,,"B02,B03,B04,B08,B11,B12",samples/nf_agri_0315.npz,GOOD,"Non-fire background sample: Godavari Delta Farmlands Andhra Pradesh (agricultural, Andhra Pradesh)"
nf_agri_0316,NON_FIRE,DIVERSE_GEOGRAPHIC_BACKGROUND,WEAK_LABEL,29.5177,76.8225,2026-09-06T05:20:00Z,,24.5,,,"B02,B03,B04,B08,B11,B12",samples/nf_agri_0316.npz,GOOD,"Non-fire background sample: Karnal Rice-Wheat Belt Haryana (agricultural, Haryana)"
nf_agri_0317,NON_FIRE,DIVERSE_GEOGRAPHIC_BACKGROUND,WEAK_LABEL,10.955,79.3058,2026-09-06T05:20:00Z,,27.0,,,"B02,B03,B04,B08,B11,B12",samples/nf_agri_0317.npz,GOOD,"Non-fire background sample: Thanjavur Cauvery Delta Tamil Nadu (agricultural, Tamil Nadu)"
nf_agri_0318,NON_FIRE,DIVERSE_GEOGRAPHIC_BACKGROUND,WEAK_LABEL,20.7694,77.9476,2026-09-06T05:20:00Z,,29.5,,,"B02,B03,B04,B08,B11,B12",samples/nf_agri_0318.npz,GOOD,"Non-fire background sample: Vidarbha Agricultural Basin Maharashtra (agricultural, Maharashtra)"
nf_urba_0319,NON_FIRE,DIVERSE_GEOGRAPHIC_BACKGROUND,WEAK_LABEL,13.0132,77.4922,2026-09-06T05:20:00Z,,32.0,,,"B02,B03,B04,B08,B11,B12",samples/nf_urba_0319.npz,ACCEPTABLE,"Non-fire background sample: Bengaluru Electronic City Karnataka (urban, Karnataka)"
nf_urba_0320,NON_FIRE,DIVERSE_GEOGRAPHIC_BACKGROUND,WEAK_LABEL,17.2755,78.2092,2026-09-06T05:20:00Z,,34.5,,,"B02,B03,B04,B08,B11,B12",samples/nf_urba_0320.npz,ACCEPTABLE,"Non-fire background sample: Hyderabad HITEC City Telangana (urban, Telangana)"
nf_urba_0321,NON_FIRE,DIVERSE_GEOGRAPHIC_BACKGROUND,WEAK_LABEL,18.7593,73.9069,2026-09-06T05:20:00Z,,37.0,,,"B02,B03,B04,B08,B11,B12",samples/nf_urba_0321.npz,ACCEPTABLE,"Non-fire background sample: Pune IT Park Hinjawadi Maharashtra (urban, Maharashtra)"
nf_urba_0322,NON_FIRE,DIVERSE_GEOGRAPHIC_BACKGROUND,WEAK_LABEL,28.46,77.5329,2026-09-06T05:20:00Z,,39.5,,,"B02,B03,B04,B08,B11,B12",samples/nf_urba_0322.npz,ACCEPTABLE,"Non-fire background sample: Noida Sector 62 Uttar Pradesh (urban, Uttar Pradesh)"
nf_urba_0323,NON_FIRE,DIVERSE_GEOGRAPHIC_BACKGROUND,WEAK_LABEL,23.2018,72.3405,2026-09-06T05:20:00Z,,42.0,,,"B02,B03,B04,B08,B11,B12",samples/nf_urba_0323.npz,ACCEPTABLE,"Non-fire background sample: Ahmedabad SG Highway Gujarat (urban, Gujarat)"
nf_indu_0324,NON_FIRE,DIVERSE_GEOGRAPHIC_BACKGROUND,WEAK_LABEL,12.8019,79.7751,2026-09-06T05:20:00Z,,44.5,0.5,non_burning_industrial,"B02,B03,B04,B08,B11,B12",samples/nf_indu_0324.npz,ACCEPTABLE,"Non-fire background sample: Sriperumbudur Industrial Corridor Tamil Nadu (industrial_surroundings, Tamil Nadu)"
nf_indu_0325,NON_FIRE,DIVERSE_GEOGRAPHIC_BACKGROUND,WEAK_LABEL,23.1548,72.5487,2026-09-06T05:20:00Z,,2.0,0.5,non_burning_industrial,"B02,B03,B04,B08,B11,B12",samples/nf_indu_0325.npz,GOOD,"Non-fire background sample: Sanand Automotive Hub Gujarat (industrial_surroundings, Gujarat)"
nf_indu_0326,NON_FIRE,DIVERSE_GEOGRAPHIC_BACKGROUND,WEAK_LABEL,22.4468,75.8568,2026-09-06T05:20:00Z,,4.5,0.5,non_burning_industrial,"B02,B03,B04,B08,B11,B12",samples/nf_indu_0326.npz,GOOD,"Non-fire background sample: Pithampur Industrial Area Madhya Pradesh (industrial_surroundings, Madhya Pradesh)"
nf_wate_0327,NON_FIRE,DIVERSE_GEOGRAPHIC_BACKGROUND,GROUND_TRUTH,19.8847,85.1487,2026-09-06T05:20:00Z,,7.0,,,"B02,B03,B04,B08,B11,B12",samples/nf_wate_0327.npz,GOOD,"Non-fire background sample: Chilika Lake Odisha (water_body, Odisha)"
nf_arid_0328,NON_FIRE,DIVERSE_GEOGRAPHIC_BACKGROUND,GROUND_TRUTH,26.7477,70.7403,2026-09-06T05:20:00Z,,9.5,,,"B02,B03,B04,B08,B11,B12",samples/nf_arid_0328.npz,GOOD,"Non-fire background sample: Thar Desert Jaisalmer Rajasthan (arid_desert, Rajasthan)"
nf_wate_0329,NON_FIRE,DIVERSE_GEOGRAPHIC_BACKGROUND,GROUND_TRUTH,9.778,76.568,2026-09-06T05:20:00Z,,12.0,,,"B02,B03,B04,B08,B11,B12",samples/nf_wate_0329.npz,GOOD,"Non-fire background sample: Vembanad Lake Kerala (water_body, Kerala)"
nf_arid_0330,NON_FIRE,DIVERSE_GEOGRAPHIC_BACKGROUND,WEAK_LABEL,23.6653,70.668,2026-09-06T05:20:00Z,,14.5,,,"B02,B03,B04,B08,B11,B12",samples/nf_arid_0330.npz,GOOD,"Non-fire background sample: Rann of Kutch Salt Marsh Gujarat (arid_salt_marsh, Gujarat)"
nf_fore_0331,NON_FIRE,DIVERSE_GEOGRAPHIC_BACKGROUND,GROUND_TRUTH,21.3042,70.6442,2026-09-06T05:20:00Z,,17.0,,,"B02,B03,B04,B08,B11,B12",samples/nf_fore_0331.npz,GOOD,"Non-fire background sample: Gir Forest Gujarat (forest, Gujarat)"
nf_fore_0332,NON_FIRE,DIVERSE_GEOGRAPHIC_BACKGROUND,GROUND_TRUTH,10.95,76.27,2026-09-06T05:20:00Z,,19.5,,,"B02,B03,B04,B08,B11,B12",samples/nf_fore_0332.npz,GOOD,"Non-fire background sample: Silent Valley Kerala (forest, Kerala)"
nf_fore_0333,NON_FIRE,DIVERSE_GEOGRAPHIC_BACKGROUND,GROUND_TRUTH,22.5145,80.7915,2026-09-06T05:20:00Z,,22.0,,,"B02,B03,B04,B08,B11,B12",samples/nf_fore_0333.npz,GOOD,"Non-fire background sample: Kanha National Park Madhya Pradesh (forest, Madhya Pradesh)"
nf_mang_0334,NON_FIRE,DIVERSE_GEOGRAPHIC_BACKGROUND,WEAK_LABEL,21.7697,89.3633,2026-09-06T05:20:00Z,,24.5,,,"B02,B03,B04,B08,B11,B12",samples/nf_mang_0334.npz,GOOD,"Non-fire background sample: Sundarbans Delta West Bengal (mangrove_forest, West Bengal)"
nf_wetl_0335,NON_FIRE,DIVERSE_GEOGRAPHIC_BACKGROUND,WEAK_LABEL,26.7575,92.9911,2026-09-06T05:20:00Z,,27.0,,,"B02,B03,B04,B08,B11,B12",samples/nf_wetl_0335.npz,GOOD,"Non-fire background sample: Kaziranga National Park Assam (wetland_forest, Assam)"
nf_agri_0336,NON_FIRE,DIVERSE_GEOGRAPHIC_BACKGROUND,WEAK_LABEL,30.721,75.6773,2026-09-06T05:20:00Z,,29.5,,,"B02,B03,B04,B08,B11,B12",samples/nf_agri_0336.npz,GOOD,"Non-fire background sample: Ludhiana Agricultural Belt Punjab (agricultural, Punjab)"
nf_agri_0337,NON_FIRE,DIVERSE_GEOGRAPHIC_BACKGROUND,WEAK_LABEL,16.8907,81.8158,2026-09-06T05:20:00Z,,32.0,,,"B02,B03,B04,B08,B11,B12",samples/nf_agri_0337.npz,ACCEPTABLE,"Non-fire background sample: Godavari Delta Farmlands Andhra Pradesh (agricultural, Andhra Pradesh)"
nf_agri_0338,NON_FIRE,DIVERSE_GEOGRAPHIC_BACKGROUND,WEAK_LABEL,29.5057,77.1705,2026-09-06T05:20:00Z,,34.5,,,"B02,B03,B04,B08,B11,B12",samples/nf_agri_0338.npz,ACCEPTABLE,"Non-fire background sample: Karnal Rice-Wheat Belt Haryana (agricultural, Haryana)"
nf_agri_0339,NON_FIRE,DIVERSE_GEOGRAPHIC_BACKGROUND,WEAK_LABEL,10.967,78.9578,2026-09-06T05:20:00Z,,37.0,,,"B02,B03,B04,B08,B11,B12",samples/nf_agri_0339.npz,ACCEPTABLE,"Non-fire background sample: Thanjavur Cauvery Delta Tamil Nadu (agricultural, Tamil Nadu)"
nf_agri_0340,NON_FIRE,DIVERSE_GEOGRAPHIC_BACKGROUND,WEAK_LABEL,20.7574,77.5996,2026-09-06T05:20:00Z,,39.5,,,"B02,B03,B04,B08,B11,B12",samples/nf_agri_0340.npz,ACCEPTABLE,"Non-fire background sample: Vidarbha Agricultural Basin Maharashtra (agricultural, Maharashtra)"
nf_urba_0341,NON_FIRE,DIVERSE_GEOGRAPHIC_BACKGROUND,WEAK_LABEL,13.0252,77.8402,2026-09-06T05:20:00Z,,42.0,,,"B02,B03,B04,B08,B11,B12",samples/nf_urba_0341.npz,ACCEPTABLE,"Non-fire background sample: Bengaluru Electronic City Karnataka (urban, Karnataka)"
nf_urba_0342,NON_FIRE,DIVERSE_GEOGRAPHIC_BACKGROUND,WEAK_LABEL,17.2635,78.5572,2026-09-06T05:20:00Z,,44.5,,,"B02,B03,B04,B08,B11,B12",samples/nf_urba_0342.npz,ACCEPTABLE,"Non-fire background sample: Hyderabad HITEC City Telangana (urban, Telangana)"
nf_urba_0343,NON_FIRE,DIVERSE_GEOGRAPHIC_BACKGROUND,WEAK_LABEL,18.7713,73.5589,2026-09-06T05:20:00Z,,2.0,,,"B02,B03,B04,B08,B11,B12",samples/nf_urba_0343.npz,GOOD,"Non-fire background sample: Pune IT Park Hinjawadi Maharashtra (urban, Maharashtra)"
nf_urba_0344,NON_FIRE,DIVERSE_GEOGRAPHIC_BACKGROUND,WEAK_LABEL,28.448,77.1849,2026-09-06T05:20:00Z,,4.5,,,"B02,B03,B04,B08,B11,B12",samples/nf_urba_0344.npz,GOOD,"Non-fire background sample: Noida Sector 62 Uttar Pradesh (urban, Uttar Pradesh)"
nf_urba_0345,NON_FIRE,DIVERSE_GEOGRAPHIC_BACKGROUND,WEAK_LABEL,23.2138,72.6885,2026-09-06T05:20:00Z,,7.0,,,"B02,B03,B04,B08,B11,B12",samples/nf_urba_0345.npz,GOOD,"Non-fire background sample: Ahmedabad SG Highway Gujarat (urban, Gujarat)"
nf_indu_0346,NON_FIRE,DIVERSE_GEOGRAPHIC_BACKGROUND,WEAK_LABEL,12.7899,80.1231,2026-09-06T05:20:00Z,,9.5,0.5,non_burning_industrial,"B02,B03,B04,B08,B11,B12",samples/nf_indu_0346.npz,GOOD,"Non-fire background sample: Sriperumbudur Industrial Corridor Tamil Nadu (industrial_surroundings, Tamil Nadu)"
nf_indu_0347,NON_FIRE,DIVERSE_GEOGRAPHIC_BACKGROUND,WEAK_LABEL,23.1668,72.2007,2026-09-06T05:20:00Z,,12.0,0.5,non_burning_industrial,"B02,B03,B04,B08,B11,B12",samples/nf_indu_0347.npz,GOOD,"Non-fire background sample: Sanand Automotive Hub Gujarat (industrial_surroundings, Gujarat)"
nf_indu_0348,NON_FIRE,DIVERSE_GEOGRAPHIC_BACKGROUND,WEAK_LABEL,22.4348,75.5088,2026-09-06T05:20:00Z,,14.5,0.5,non_burning_industrial,"B02,B03,B04,B08,B11,B12",samples/nf_indu_0348.npz,GOOD,"Non-fire background sample: Pithampur Industrial Area Madhya Pradesh (industrial_surroundings, Madhya Pradesh)"
nf_wate_0349,NON_FIRE,DIVERSE_GEOGRAPHIC_BACKGROUND,GROUND_TRUTH,19.8967,85.4967,2026-09-06T05:20:00Z,,17.0,,,"B02,B03,B04,B08,B11,B12",samples/nf_wate_0349.npz,GOOD,"Non-fire background sample: Chilika Lake Odisha (water_body, Odisha)"
nf_arid_0350,NON_FIRE,DIVERSE_GEOGRAPHIC_BACKGROUND,GROUND_TRUTH,26.7357,71.0883,2026-09-06T05:20:00Z,,19.5,,,"B02,B03,B04,B08,B11,B12",samples/nf_arid_0350.npz,GOOD,"Non-fire background sample: Thar Desert Jaisalmer Rajasthan (arid_desert, Rajasthan)"
nf_wate_0351,NON_FIRE,DIVERSE_GEOGRAPHIC_BACKGROUND,GROUND_TRUTH,9.79,76.22,2026-09-06T05:20:00Z,,22.0,,,"B02,B03,B04,B08,B11,B12",samples/nf_wate_0351.npz,GOOD,"Non-fire background sample: Vembanad Lake Kerala (water_body, Kerala)"
nf_arid_0352,NON_FIRE,DIVERSE_GEOGRAPHIC_BACKGROUND,WEAK_LABEL,23.6533,70.32,2026-09-06T05:20:00Z,,24.5,,,"B02,B03,B04,B08,B11,B12",samples/nf_arid_0352.npz,GOOD,"Non-fire background sample: Rann of Kutch Salt Marsh Gujarat (arid_salt_marsh, Gujarat)"
nf_fore_0353,NON_FIRE,DIVERSE_GEOGRAPHIC_BACKGROUND,GROUND_TRUTH,21.3162,71.0162,2026-09-06T05:20:00Z,,27.0,,,"B02,B03,B04,B08,B11,B12",samples/nf_fore_0353.npz,GOOD,"Non-fire background sample: Gir Forest Gujarat (forest, Gujarat)"
nf_fore_0354,NON_FIRE,DIVERSE_GEOGRAPHIC_BACKGROUND,GROUND_TRUTH,10.938,76.642,2026-09-06T05:20:00Z,,29.5,,,"B02,B03,B04,B08,B11,B12",samples/nf_fore_0354.npz,GOOD,"Non-fire background sample: Silent Valley Kerala (forest, Kerala)"
nf_fore_0355,NON_FIRE,DIVERSE_GEOGRAPHIC_BACKGROUND,GROUND_TRUTH,22.5265,80.4195,2026-09-06T05:20:00Z,,32.0,,,"B02,B03,B04,B08,B11,B12",samples/nf_fore_0355.npz,ACCEPTABLE,"Non-fire background sample: Kanha National Park Madhya Pradesh (forest, Madhya Pradesh)"
nf_mang_0356,NON_FIRE,DIVERSE_GEOGRAPHIC_BACKGROUND,WEAK_LABEL,21.7577,88.9913,2026-09-06T05:20:00Z,,34.5,,,"B02,B03,B04,B08,B11,B12",samples/nf_mang_0356.npz,ACCEPTABLE,"Non-fire background sample: Sundarbans Delta West Bengal (mangrove_forest, West Bengal)"
nf_wetl_0357,NON_FIRE,DIVERSE_GEOGRAPHIC_BACKGROUND,WEAK_LABEL,26.7695,93.3631,2026-09-06T05:20:00Z,,37.0,,,"B02,B03,B04,B08,B11,B12",samples/nf_wetl_0357.npz,ACCEPTABLE,"Non-fire background sample: Kaziranga National Park Assam (wetland_forest, Assam)"
nf_agri_0358,NON_FIRE,DIVERSE_GEOGRAPHIC_BACKGROUND,WEAK_LABEL,30.709,76.0493,2026-09-06T05:20:00Z,,39.5,,,"B02,B03,B04,B08,B11,B12",samples/nf_agri_0358.npz,ACCEPTABLE,"Non-fire background sample: Ludhiana Agricultural Belt Punjab (agricultural, Punjab)"
nf_agri_0359,NON_FIRE,DIVERSE_GEOGRAPHIC_BACKGROUND,WEAK_LABEL,16.9027,81.4438,2026-09-06T05:20:00Z,,42.0,,,"B02,B03,B04,B08,B11,B12",samples/nf_agri_0359.npz,ACCEPTABLE,"Non-fire background sample: Godavari Delta Farmlands Andhra Pradesh (agricultural, Andhra Pradesh)"
nf_agri_0360,NON_FIRE,DIVERSE_GEOGRAPHIC_BACKGROUND,WEAK_LABEL,29.4937,76.7985,2026-09-06T05:20:00Z,,44.5,,,"B02,B03,B04,B08,B11,B12",samples/nf_agri_0360.npz,ACCEPTABLE,"Non-fire background sample: Karnal Rice-Wheat Belt Haryana (agricultural, Haryana)"
nf_agri_0361,NON_FIRE,DIVERSE_GEOGRAPHIC_BACKGROUND,WEAK_LABEL,10.979,79.3298,2026-09-06T05:20:00Z,,2.0,,,"B02,B03,B04,B08,B11,B12",samples/nf_agri_0361.npz,GOOD,"Non-fire background sample: Thanjavur Cauvery Delta Tamil Nadu (agricultural, Tamil Nadu)"
nf_agri_0362,NON_FIRE,DIVERSE_GEOGRAPHIC_BACKGROUND,WEAK_LABEL,20.7454,77.9716,2026-09-06T05:20:00Z,,4.5,,,"B02,B03,B04,B08,B11,B12",samples/nf_agri_0362.npz,GOOD,"Non-fire background sample: Vidarbha Agricultural Basin Maharashtra (agricultural, Maharashtra)"
nf_urba_0363,NON_FIRE,DIVERSE_GEOGRAPHIC_BACKGROUND,WEAK_LABEL,13.0372,77.4682,2026-09-06T05:20:00Z,,7.0,,,"B02,B03,B04,B08,B11,B12",samples/nf_urba_0363.npz,GOOD,"Non-fire background sample: Bengaluru Electronic City Karnataka (urban, Karnataka)"
nf_urba_0364,NON_FIRE,DIVERSE_GEOGRAPHIC_BACKGROUND,WEAK_LABEL,17.2515,78.1852,2026-09-06T05:20:00Z,,9.5,,,"B02,B03,B04,B08,B11,B12",samples/nf_urba_0364.npz,GOOD,"Non-fire background sample: Hyderabad HITEC City Telangana (urban, Telangana)"
nf_urba_0365,NON_FIRE,DIVERSE_GEOGRAPHIC_BACKGROUND,WEAK_LABEL,18.7833,73.9309,2026-09-06T05:20:00Z,,12.0,,,"B02,B03,B04,B08,B11,B12",samples/nf_urba_0365.npz,GOOD,"Non-fire background sample: Pune IT Park Hinjawadi Maharashtra (urban, Maharashtra)"
nf_urba_0366,NON_FIRE,DIVERSE_GEOGRAPHIC_BACKGROUND,WEAK_LABEL,28.436,77.5569,2026-09-06T05:20:00Z,,14.5,,,"B02,B03,B04,B08,B11,B12",samples/nf_urba_0366.npz,GOOD,"Non-fire background sample: Noida Sector 62 Uttar Pradesh (urban, Uttar Pradesh)"
nf_urba_0367,NON_FIRE,DIVERSE_GEOGRAPHIC_BACKGROUND,WEAK_LABEL,23.2258,72.3165,2026-09-06T05:20:00Z,,17.0,,,"B02,B03,B04,B08,B11,B12",samples/nf_urba_0367.npz,GOOD,"Non-fire background sample: Ahmedabad SG Highway Gujarat (urban, Gujarat)"
nf_indu_0368,NON_FIRE,DIVERSE_GEOGRAPHIC_BACKGROUND,WEAK_LABEL,12.7779,79.7511,2026-09-06T05:20:00Z,,19.5,0.5,non_burning_industrial,"B02,B03,B04,B08,B11,B12",samples/nf_indu_0368.npz,GOOD,"Non-fire background sample: Sriperumbudur Industrial Corridor Tamil Nadu (industrial_surroundings, Tamil Nadu)"
nf_indu_0369,NON_FIRE,DIVERSE_GEOGRAPHIC_BACKGROUND,WEAK_LABEL,23.1788,72.5727,2026-09-06T05:20:00Z,,22.0,0.5,non_burning_industrial,"B02,B03,B04,B08,B11,B12",samples/nf_indu_0369.npz,GOOD,"Non-fire background sample: Sanand Automotive Hub Gujarat (industrial_surroundings, Gujarat)"
nf_indu_0370,NON_FIRE,DIVERSE_GEOGRAPHIC_BACKGROUND,WEAK_LABEL,22.4228,75.8808,2026-09-06T05:20:00Z,,24.5,0.5,non_burning_industrial,"B02,B03,B04,B08,B11,B12",samples/nf_indu_0370.npz,GOOD,"Non-fire background sample: Pithampur Industrial Area Madhya Pradesh (industrial_surroundings, Madhya Pradesh)"
nf_wate_0371,NON_FIRE,DIVERSE_GEOGRAPHIC_BACKGROUND,GROUND_TRUTH,19.9087,85.1247,2026-09-06T05:20:00Z,,27.0,,,"B02,B03,B04,B08,B11,B12",samples/nf_wate_0371.npz,GOOD,"Non-fire background sample: Chilika Lake Odisha (water_body, Odisha)"
nf_arid_0372,NON_FIRE,DIVERSE_GEOGRAPHIC_BACKGROUND,GROUND_TRUTH,26.7237,70.7163,2026-09-06T05:20:00Z,,29.5,,,"B02,B03,B04,B08,B11,B12",samples/nf_arid_0372.npz,GOOD,"Non-fire background sample: Thar Desert Jaisalmer Rajasthan (arid_desert, Rajasthan)"
nf_wate_0373,NON_FIRE,DIVERSE_GEOGRAPHIC_BACKGROUND,GROUND_TRUTH,9.802,76.592,2026-09-06T05:20:00Z,,32.0,,,"B02,B03,B04,B08,B11,B12",samples/nf_wate_0373.npz,ACCEPTABLE,"Non-fire background sample: Vembanad Lake Kerala (water_body, Kerala)"
nf_arid_0374,NON_FIRE,DIVERSE_GEOGRAPHIC_BACKGROUND,WEAK_LABEL,23.6413,70.692,2026-09-06T05:20:00Z,,34.5,,,"B02,B03,B04,B08,B11,B12",samples/nf_arid_0374.npz,ACCEPTABLE,"Non-fire background sample: Rann of Kutch Salt Marsh Gujarat (arid_salt_marsh, Gujarat)"
nf_fore_0375,NON_FIRE,DIVERSE_GEOGRAPHIC_BACKGROUND,GROUND_TRUTH,21.3282,70.6202,2026-09-06T05:20:00Z,,37.0,,,"B02,B03,B04,B08,B11,B12",samples/nf_fore_0375.npz,ACCEPTABLE,"Non-fire background sample: Gir Forest Gujarat (forest, Gujarat)"
nf_fore_0376,NON_FIRE,DIVERSE_GEOGRAPHIC_BACKGROUND,GROUND_TRUTH,10.926,76.246,2026-09-06T05:20:00Z,,39.5,,,"B02,B03,B04,B08,B11,B12",samples/nf_fore_0376.npz,ACCEPTABLE,"Non-fire background sample: Silent Valley Kerala (forest, Kerala)"
nf_fore_0377,NON_FIRE,DIVERSE_GEOGRAPHIC_BACKGROUND,GROUND_TRUTH,22.5385,80.8155,2026-09-06T05:20:00Z,,42.0,,,"B02,B03,B04,B08,B11,B12",samples/nf_fore_0377.npz,ACCEPTABLE,"Non-fire background sample: Kanha National Park Madhya Pradesh (forest, Madhya Pradesh)"
nf_mang_0378,NON_FIRE,DIVERSE_GEOGRAPHIC_BACKGROUND,WEAK_LABEL,21.7457,89.3873,2026-09-06T05:20:00Z,,44.5,,,"B02,B03,B04,B08,B11,B12",samples/nf_mang_0378.npz,ACCEPTABLE,"Non-fire background sample: Sundarbans Delta West Bengal (mangrove_forest, West Bengal)"
nf_wetl_0379,NON_FIRE,DIVERSE_GEOGRAPHIC_BACKGROUND,WEAK_LABEL,26.7815,92.9671,2026-09-06T05:20:00Z,,2.0,,,"B02,B03,B04,B08,B11,B12",samples/nf_wetl_0379.npz,GOOD,"Non-fire background sample: Kaziranga National Park Assam (wetland_forest, Assam)"
nf_agri_0380,NON_FIRE,DIVERSE_GEOGRAPHIC_BACKGROUND,WEAK_LABEL,30.697,75.6533,2026-09-06T05:20:00Z,,4.5,,,"B02,B03,B04,B08,B11,B12",samples/nf_agri_0380.npz,GOOD,"Non-fire background sample: Ludhiana Agricultural Belt Punjab (agricultural, Punjab)"
nf_agri_0381,NON_FIRE,DIVERSE_GEOGRAPHIC_BACKGROUND,WEAK_LABEL,16.9147,81.8398,2026-09-06T05:20:00Z,,7.0,,,"B02,B03,B04,B08,B11,B12",samples/nf_agri_0381.npz,GOOD,"Non-fire background sample: Godavari Delta Farmlands Andhra Pradesh (agricultural, Andhra Pradesh)"
nf_agri_0382,NON_FIRE,DIVERSE_GEOGRAPHIC_BACKGROUND,WEAK_LABEL,29.4817,77.1945,2026-09-06T05:20:00Z,,9.5,,,"B02,B03,B04,B08,B11,B12",samples/nf_agri_0382.npz,GOOD,"Non-fire background sample: Karnal Rice-Wheat Belt Haryana (agricultural, Haryana)"
nf_agri_0383,NON_FIRE,DIVERSE_GEOGRAPHIC_BACKGROUND,WEAK_LABEL,10.991,78.9338,2026-09-06T05:20:00Z,,12.0,,,"B02,B03,B04,B08,B11,B12",samples/nf_agri_0383.npz,GOOD,"Non-fire background sample: Thanjavur Cauvery Delta Tamil Nadu (agricultural, Tamil Nadu)"
nf_agri_0384,NON_FIRE,DIVERSE_GEOGRAPHIC_BACKGROUND,WEAK_LABEL,20.7334,77.5756,2026-09-06T05:20:00Z,,14.5,,,"B02,B03,B04,B08,B11,B12",samples/nf_agri_0384.npz,GOOD,"Non-fire background sample: Vidarbha Agricultural Basin Maharashtra (agricultural, Maharashtra)"
nf_urba_0385,NON_FIRE,DIVERSE_GEOGRAPHIC_BACKGROUND,WEAK_LABEL,13.0492,77.8642,2026-09-06T05:20:00Z,,17.0,,,"B02,B03,B04,B08,B11,B12",samples/nf_urba_0385.npz,GOOD,"Non-fire background sample: Bengaluru Electronic City Karnataka (urban, Karnataka)"
nf_urba_0386,NON_FIRE,DIVERSE_GEOGRAPHIC_BACKGROUND,WEAK_LABEL,17.2395,78.5812,2026-09-06T05:20:00Z,,19.5,,,"B02,B03,B04,B08,B11,B12",samples/nf_urba_0386.npz,GOOD,"Non-fire background sample: Hyderabad HITEC City Telangana (urban, Telangana)"
nf_urba_0387,NON_FIRE,DIVERSE_GEOGRAPHIC_BACKGROUND,WEAK_LABEL,18.7953,73.5349,2026-09-06T05:20:00Z,,22.0,,,"B02,B03,B04,B08,B11,B12",samples/nf_urba_0387.npz,GOOD,"Non-fire background sample: Pune IT Park Hinjawadi Maharashtra (urban, Maharashtra)"
nf_urba_0388,NON_FIRE,DIVERSE_GEOGRAPHIC_BACKGROUND,WEAK_LABEL,28.424,77.1609,2026-09-06T05:20:00Z,,24.5,,,"B02,B03,B04,B08,B11,B12",samples/nf_urba_0388.npz,GOOD,"Non-fire background sample: Noida Sector 62 Uttar Pradesh (urban, Uttar Pradesh)"
nf_urba_0389,NON_FIRE,DIVERSE_GEOGRAPHIC_BACKGROUND,WEAK_LABEL,23.2378,72.7125,2026-09-06T05:20:00Z,,27.0,,,"B02,B03,B04,B08,B11,B12",samples/nf_urba_0389.npz,GOOD,"Non-fire background sample: Ahmedabad SG Highway Gujarat (urban, Gujarat)"
nf_indu_0390,NON_FIRE,DIVERSE_GEOGRAPHIC_BACKGROUND,WEAK_LABEL,12.7659,80.1471,2026-09-06T05:20:00Z,,29.5,0.5,non_burning_industrial,"B02,B03,B04,B08,B11,B12",samples/nf_indu_0390.npz,GOOD,"Non-fire background sample: Sriperumbudur Industrial Corridor Tamil Nadu (industrial_surroundings, Tamil Nadu)"
nf_indu_0391,NON_FIRE,DIVERSE_GEOGRAPHIC_BACKGROUND,WEAK_LABEL,23.1908,72.1767,2026-09-06T05:20:00Z,,32.0,0.5,non_burning_industrial,"B02,B03,B04,B08,B11,B12",samples/nf_indu_0391.npz,ACCEPTABLE,"Non-fire background sample: Sanand Automotive Hub Gujarat (industrial_surroundings, Gujarat)"
nf_indu_0392,NON_FIRE,DIVERSE_GEOGRAPHIC_BACKGROUND,WEAK_LABEL,22.4108,75.4848,2026-09-06T05:20:00Z,,34.5,0.5,non_burning_industrial,"B02,B03,B04,B08,B11,B12",samples/nf_indu_0392.npz,ACCEPTABLE,"Non-fire background sample: Pithampur Industrial Area Madhya Pradesh (industrial_surroundings, Madhya Pradesh)"
nf_wate_0393,NON_FIRE,DIVERSE_GEOGRAPHIC_BACKGROUND,GROUND_TRUTH,19.9207,85.5207,2026-09-06T05:20:00Z,,37.0,,,"B02,B03,B04,B08,B11,B12",samples/nf_wate_0393.npz,ACCEPTABLE,"Non-fire background sample: Chilika Lake Odisha (water_body, Odisha)"
nf_arid_0394,NON_FIRE,DIVERSE_GEOGRAPHIC_BACKGROUND,GROUND_TRUTH,26.7117,71.1123,2026-09-06T05:20:00Z,,39.5,,,"B02,B03,B04,B08,B11,B12",samples/nf_arid_0394.npz,ACCEPTABLE,"Non-fire background sample: Thar Desert Jaisalmer Rajasthan (arid_desert, Rajasthan)"
nf_wate_0395,NON_FIRE,DIVERSE_GEOGRAPHIC_BACKGROUND,GROUND_TRUTH,9.814,76.196,2026-09-06T05:20:00Z,,42.0,,,"B02,B03,B04,B08,B11,B12",samples/nf_wate_0395.npz,ACCEPTABLE,"Non-fire background sample: Vembanad Lake Kerala (water_body, Kerala)"
nf_arid_0396,NON_FIRE,DIVERSE_GEOGRAPHIC_BACKGROUND,WEAK_LABEL,23.6293,70.296,2026-09-06T05:20:00Z,,44.5,,,"B02,B03,B04,B08,B11,B12",samples/nf_arid_0396.npz,ACCEPTABLE,"Non-fire background sample: Rann of Kutch Salt Marsh Gujarat (arid_salt_marsh, Gujarat)"
nf_fore_0397,NON_FIRE,DIVERSE_GEOGRAPHIC_BACKGROUND,GROUND_TRUTH,21.3402,71.0402,2026-09-06T05:20:00Z,,2.0,,,"B02,B03,B04,B08,B11,B12",samples/nf_fore_0397.npz,GOOD,"Non-fire background sample: Gir Forest Gujarat (forest, Gujarat)"
nf_fore_0398,NON_FIRE,DIVERSE_GEOGRAPHIC_BACKGROUND,GROUND_TRUTH,10.914,76.666,2026-09-06T05:20:00Z,,4.5,,,"B02,B03,B04,B08,B11,B12",samples/nf_fore_0398.npz,GOOD,"Non-fire background sample: Silent Valley Kerala (forest, Kerala)"
nf_fore_0399,NON_FIRE,DIVERSE_GEOGRAPHIC_BACKGROUND,GROUND_TRUTH,22.5505,80.3955,2026-09-06T05:20:00Z,,7.0,,,"B02,B03,B04,B08,B11,B12",samples/nf_fore_0399.npz,GOOD,"Non-fire background sample: Kanha National Park Madhya Pradesh (forest, Madhya Pradesh)"
nf_mang_0400,NON_FIRE,DIVERSE_GEOGRAPHIC_BACKGROUND,WEAK_LABEL,21.7337,88.9673,2026-09-06T05:20:00Z,,9.5,,,"B02,B03,B04,B08,B11,B12",samples/nf_mang_0400.npz,GOOD,"Non-fire background sample: Sundarbans Delta West Bengal (mangrove_forest, West Bengal)"
